action	spelling	phones	stressTrans	syllStruct	syllabification	mainStress	finalStress	penultStress	apStress	papStress	finalWeight	finalHLweight	penultWeight	penultHLweight	antepenultWeight	antepenultHLweight	preantepenultWeight	preantepenultHLweight	vowelLength	finalOnset	penultOnset	antepenultOnset	finalV	finalC	S	morphology	suffixType	prefixType	Prefix	Suffix	coda	codaLength	freq	POS	nsylls	leftEdgeStress	initStress	singleStress	penultVowel	penultCoda	penultPossibleCoda	finalComplexOnset	penultHeaviness	finalTwoV	finalVowel	finalCoda	finalHeaviness	antepenultVowel	antepenultCoda	antepenultHeaviness	weightPattern	final3stressTrans
add	acastus	AH0 K AE1 S T AH0 S	010	L.CL.CCLC	(AH)(k AE)(s t AH s)	penult	0	1	0	other	-LC	H	-V	L	-V	L	other	other	shortV	CC	C	0	ah	Singleton	S	simple	other	other	noPrefix	noSuffix	 s	1	NA	NN	3	1	1	1	M	open	mayHaveCoda	complex	L	ah	M	closed	L	M	open	L	L L L	010
add	acheron	AE1 K ER0 AA0 N	100	L.CL.LC	(AE)(k ER)(AA n)	antepenult	0	0	1	other	-LC	H	-V	L	-V	L	other	other	shortV	0	C	0	aa	Singleton	otherSingleton	simple	other	other	noPrefix	noSuffix	 n	1	NA	NN	3	1	1	1	M	open	noCoda	simple	L	other	M	closed	L	M	open	L	L L L	100
add	acroneus	AE2 K R OW0 N IY1 AH0 S	2010	L.CCT.CL.LC	(AE)(k r OW)(n IY)(AH s)	penult	0	1	0	2	-LC	H	-V	L	-VV	H	-V	L	shortV	0	C	CC	ah	Singleton	S	simple	other	other	noPrefix	noSuffix	 s	1	NA	NN	4	3	2	0	M	open	noCoda	simple	L	ah	M	closed	L	D	open	H	H L L	010
add	actoris	AE1 K T AH0 R IH0 S	100	LC.CL.CLC	(AE k)(t AH)(r IH s)	antepenult	0	0	1	other	-LC	H	-V	L	-LC	H	other	other	shortV	C	C	0	ih	Singleton	S	simple	other	other	noPrefix	noSuffix	 s	1	NA	NN	3	1	1	1	M	open	noCoda	simple	L	ah	M	closed	L	M	closed	H	H L L	100
add	adraste	AE0 D R AE1 S T IY0	010	L.CCL.CCL	(AE)(d r AE)(s t IY)	penult	0	1	0	other	-V	L	-V	L	-V	L	other	other	shortV	CC	CC	0	iy	open	other	simple	other	other	noPrefix	noSuffix	NA	0	NA	NN	3	1	1	1	M	open	mayHaveCoda	complex	L	iy	M	open	L	M	open	L	L L L	010
add	aeaea	IY0 IY1 AH0	010	L.L.L	(IY)(IY)(AH)	penult	0	1	0	other	-V	L	-V	L	-V	L	other	other	shortV	0	0	0	ah	open	other	simple	other	other	noPrefix	noSuffix	NA	0	NA	NN	3	1	1	1	M	open	noCoda	simple	L	ah	M	open	L	M	open	L	L L L	010
add	aeetes	IY0 IY1 T IY0 Z	010	L.L.CLC	(IY)(IY)(t IY z)	penult	0	1	0	other	-LC	H	-V	L	-V	L	other	other	shortV	C	0	0	iy	Singleton	otherSingleton	simple	other	other	noPrefix	noSuffix	 z	1	NA	NN	3	1	1	1	M	open	noCoda	simple	L	iy	M	closed	L	M	open	L	L L L	010
add	aegae	IY1 JH IY0	10	L.CL	(IY)(jh IY)	penult	0	1	other	other	-V	L	-V	L	other	other	other	other	shortV	C	0	other	iy	open	other	simple	other	other	noPrefix	noSuffix	NA	0	NA	NN	2	1	1	1	M	open	noCoda	simple	L	iy	M	open	L	nan	nan	L	L L L	10
add	aegisthus	IY0 JH IH1 S TH AH0 S	010	L.CLC.CLC	(IY)(jh IH s)(th AH s)	penult	0	1	0	other	-LC	H	-LC	H	-V	L	other	other	shortV	C	C	0	ah	Singleton	S	simple	other	other	noPrefix	noSuffix	 s	1	NA	NN	3	1	1	1	M	closed	mayHaveCoda	simple	H	ah	M	closed	L	M	open	L	L H L	010
add	aegyptius	IY0 JH IH1 P T IY0 AH0 S	0100	L.CLC.CL.LC	(IY)(jh IH p)(t IY)(AH s)	antepenult	0	0	1	0	-LC	H	-V	L	-LC	H	-V	L	shortV	0	C	C	ah	Singleton	S	simple	other	other	noPrefix	noSuffix	 s	1	NA	NN	4	1	1	1	M	open	noCoda	simple	L	ah	M	closed	L	M	closed	H	H L L	100
add	aeolus	IY0 OW1 L AH0 S	010	L.T.CLC	(IY)(OW)(l AH s)	penult	0	1	0	other	-LC	H	-VV	H	-V	L	other	other	shortV	C	0	0	ah	Singleton	S	simple	other	other	noPrefix	noSuffix	 s	1	NA	NN	3	1	1	1	D	open	noCoda	simple	H	ah	M	closed	L	M	open	L	L H L	010
add	aeson	IY1 S AH0 N	10	L.CL	(IY)(s AN)	penult	0	1	other	other	-V	L	-V	L	other	other	other	other	shortV	C	0	other	an	open	other	simple	other	other	noPrefix	noSuffix	NA	0	NA	NN	2	1	1	1	M	open	noCoda	simple	L	other	M	open	L	nan	nan	L	L L L	10
add	aethon	IY1 TH AA0 N	10	L.CLC	(IY)(th AA n)	penult	0	1	other	other	-LC	H	-V	L	other	other	other	other	shortV	C	0	other	aa	Singleton	otherSingleton	simple	other	other	noPrefix	noSuffix	 n	1	NA	NN	2	1	1	1	M	open	noCoda	simple	L	other	M	closed	L	nan	nan	L	L L L	10
add	agelaus	AE2 JH AH0 L EY1 AH0 S	2010	L.CL.CT.LC	(AE)(jh AH)(l EY)(AH s)	penult	0	1	0	2	-LC	H	-VV	H	-V	L	-V	L	shortV	0	C	C	ah	Singleton	S	simple	other	other	noPrefix	noSuffix	 s	1	NA	NN	4	3	2	0	D	open	noCoda	simple	H	ah	M	closed	L	M	open	L	L H L	010
add	alcandre	AE0 L K AE1 N D R IY0	010	LC.CLC.CCL	(AE l)(k AE n)(d r IY)	penult	0	1	0	other	-V	L	-LC	H	-LC	H	other	other	shortV	CC	C	0	iy	open	other	simple	other	other	noPrefix	noSuffix	NA	0	NA	NN	3	1	1	1	M	closed	mayHaveCoda	complex	H	iy	M	open	L	M	closed	H	H H L	010
add	alcimus	AE1 L S IH0 M AH0 S	100	LC.CL.CLC	(AE l)(s IH)(m AH s)	antepenult	0	0	1	other	-LC	H	-V	L	-LC	H	other	other	shortV	C	C	0	ah	Singleton	S	simple	other	other	noPrefix	noSuffix	 s	1	NA	NN	3	1	1	1	M	open	noCoda	simple	L	ah	M	closed	L	M	closed	H	H L L	100
add	alcinous	AE0 L S IH1 N OW0 AH0 S	0100	LC.CL.CT.LC	(AE l)(s IH)(n OW)(AH s)	antepenult	0	0	1	0	-LC	H	-VV	H	-V	L	-LC	H	shortV	0	C	C	ah	Singleton	S	simple	other	other	noPrefix	noSuffix	 s	1	NA	NN	4	1	1	1	D	open	noCoda	simple	H	ah	M	closed	L	M	open	L	L H L	100
add	alcippe	AE0 L S IH1 P IY0	010	LC.CL.CL	(AE l)(s IH)(p IY)	penult	0	1	0	other	-V	L	-V	L	-LC	H	other	other	shortV	C	C	0	iy	open	other	simple	other	other	noPrefix	noSuffix	NA	0	NA	NN	3	1	1	1	M	open	noCoda	simple	L	iy	M	open	L	M	closed	H	H L L	010
add	alcmaeon	AE0 L K M IY1 AA0 N	010	LCC.CL.LC	(AE l k)(m IY)(AA n)	penult	0	1	0	other	-LC	H	-V	L	-LCC	H	other	other	shortV	0	C	0	aa	Singleton	otherSingleton	simple	other	other	noPrefix	noSuffix	 n	1	NA	NN	3	1	1	1	M	open	noCoda	simple	L	other	M	closed	L	M	cluster	H	H L L	010
add	alcmene	AE0 L K M IY1 N IY0	010	LCC.CL.CL	(AE l k)(m IY)(n IY)	penult	0	1	0	other	-V	L	-V	L	-LCC	H	other	other	shortV	C	C	0	iy	open	other	simple	other	other	noPrefix	noSuffix	NA	0	NA	NN	3	1	1	1	M	open	noCoda	simple	L	iy	M	open	L	M	cluster	H	H L L	010
add	alector	AH0 L EH1 K T ER0	010	L.CLC.CL	(AH)(l EH k)(t ER)	penult	0	1	0	other	-V	L	-LC	H	-V	L	other	other	shortV	C	C	0	er	open	other	simple	other	other	noPrefix	noSuffix	NA	0	NA	NN	3	1	1	1	M	closed	mayHaveCoda	simple	H	other	M	open	L	M	open	L	L H L	010
add	aloeus	AE0 L OW1 IY0 AH0 S	0100	L.CT.L.LC	(AE)(l OW)(IY)(AH s)	antepenult	0	0	1	0	-LC	H	-V	L	-VV	H	-V	L	shortV	0	0	C	ah	Singleton	S	simple	other	other	noPrefix	noSuffix	 s	1	NA	NN	4	1	1	1	M	open	noCoda	simple	L	ah	M	closed	L	D	open	H	H L L	100
add	alpheus	AE0 L F IY1 AH0 S	010	LC.CL.LC	(AE l)(f IY)(AH s)	penult	0	1	0	other	-LC	H	-V	L	-LC	H	other	other	shortV	0	C	0	ah	Singleton	S	simple	other	other	noPrefix	noSuffix	 s	1	NA	NN	3	1	1	1	M	open	noCoda	simple	L	ah	M	closed	L	M	closed	H	H L L	010
add	amnisus	AE0 M N IY1 S AH0 S	010	LC.CL.CLC	(AE m)(n IY)(s AH s)	penult	0	1	0	other	-LC	H	-V	L	-LC	H	other	other	shortV	C	C	0	ah	Singleton	S	simple	other	other	noPrefix	noSuffix	 s	1	NA	NN	3	1	1	1	M	open	noCoda	simple	L	ah	M	closed	L	M	closed	H	H L L	010
add	amphialus	AE0 M F AY1 AH0 L AH0 S	0100	LC.CT.L.CLC	(AE m)(f AY)(AH)(l AH s)	antepenult	0	0	1	0	-LC	H	-V	L	-VV	H	-LC	H	shortV	C	0	C	ah	Singleton	S	simple	other	other	noPrefix	noSuffix	 s	1	NA	NN	4	1	1	1	M	open	noCoda	simple	L	ah	M	closed	L	D	open	H	H L L	100
add	amphiaraus	AE2 M F IY0 AH0 R EY1 AH0 S	20010	LC.CL.L.CT.LC	(AE m)(f IY)(AH)(r EY)(AH s)	penult	0	1	0	0	-LC	H	-VV	H	-V	L	-V	L	shortV	0	C	0	ah	Singleton	S	simple	other	other	noPrefix	noSuffix	 s	1	NA	NN	5	4	2	0	D	open	noCoda	simple	H	ah	M	closed	L	M	open	L	L H L	010
add	amphilochus	AE0 M F IH1 L AH0 K AH0 S	0100	LC.CL.CL.CLC	(AE m)(f IH)(l AH)(k AH s)	antepenult	0	0	1	0	-LC	H	-V	L	-V	L	-LC	H	shortV	C	C	C	ah	Singleton	S	simple	other	other	noPrefix	noSuffix	 s	1	NA	NN	4	1	1	1	M	open	noCoda	simple	L	ah	M	closed	L	M	open	L	L L L	100
add	amphimedon	AE0 M F IH1 M IH0 D AA0 N	0100	LC.CL.CL.CLC	(AE m)(f IH)(m IH)(d AA n)	antepenult	0	0	1	0	-LC	H	-V	L	-V	L	-LC	H	shortV	C	C	C	aa	Singleton	otherSingleton	simple	other	other	noPrefix	noSuffix	 n	1	NA	NN	4	1	1	1	M	open	noCoda	simple	L	other	M	closed	L	M	open	L	L L L	100
add	amphinomus	AE0 M F IH1 N AH0 M AH0 S	0100	LC.CL.CL.CLC	(AE m)(f IH)(n AH)(m AH s)	antepenult	0	0	1	0	-LC	H	-V	L	-V	L	-LC	H	shortV	C	C	C	ah	Singleton	S	simple	other	other	noPrefix	noSuffix	 s	1	NA	NN	4	1	1	1	M	open	noCoda	simple	L	ah	M	closed	L	M	open	L	L L L	100
add	amphion	AE0 M F AY1 AA0 N	010	LC.CT.LC	(AE m)(f AY)(AA n)	penult	0	1	0	other	-LC	H	-VV	H	-LC	H	other	other	shortV	0	C	0	aa	Singleton	otherSingleton	simple	other	other	noPrefix	noSuffix	 n	1	NA	NN	3	1	1	1	D	open	noCoda	simple	H	other	M	closed	L	M	closed	H	H H L	010
add	amphithea	AE2 M F IH0 TH IY1 AH0	2010	LC.CL.CL.L	(AE m)(f IH)(th IY)(AH)	penult	0	1	0	2	-V	L	-V	L	-V	L	-LC	H	shortV	0	C	C	ah	open	other	simple	other	other	noPrefix	noSuffix	NA	0	NA	NN	4	3	2	0	M	open	noCoda	simple	L	ah	M	open	L	M	open	L	L L L	010
add	amphitrite	AE2 M F IH0 T R AY1 T IY0	2010	LC.CL.CCT.CL	(AE m)(f IH)(t r AY)(t IY)	penult	0	1	0	2	-V	L	-VV	H	-V	L	-LC	H	shortV	C	CC	C	iy	open	other	simple	other	other	noPrefix	noSuffix	NA	0	NA	NN	4	3	2	0	D	open	noCoda	simple	H	iy	M	open	L	M	open	L	L H L	010
add	amphitryon	AE0 M F IH1 T R IY0 AA0 N	0100	LC.CL.CCL.LC	(AE m)(f IH)(t r IY)(AA n)	antepenult	0	0	1	0	-LC	H	-V	L	-V	L	-LC	H	shortV	0	CC	C	aa	Singleton	otherSingleton	simple	other	other	noPrefix	noSuffix	 n	1	NA	NN	4	1	1	1	M	open	noCoda	simple	L	other	M	closed	L	M	open	L	L L L	100
add	amythaeon	AE2 M IH0 TH EY1 AA0 N	2010	L.CL.CT.LC	(AE)(m IH)(th EY)(AA n)	penult	0	1	0	2	-LC	H	-VV	H	-V	L	-V	L	shortV	0	C	C	aa	Singleton	otherSingleton	simple	other	other	noPrefix	noSuffix	 n	1	NA	NN	4	3	2	0	D	open	noCoda	simple	H	other	M	closed	L	M	open	L	L H L	010
add	anchialus	AE0 NG K AY1 AH0 L AH0 S	0100	LC.CT.L.CLC	(AE ng)(k AY)(AH)(l AH s)	antepenult	0	0	1	0	-LC	H	-V	L	-VV	H	-LC	H	shortV	C	0	C	ah	Singleton	S	simple	other	other	noPrefix	noSuffix	 s	1	NA	NN	4	1	1	1	M	open	noCoda	simple	L	ah	M	closed	L	D	open	H	H L L	100
add	andraimon	AE0 N D R EY1 M AA0 N	010	LC.CCT.CLC	(AE n)(d r EY)(m AA n)	penult	0	1	0	other	-LC	H	-VV	H	-LC	H	other	other	shortV	C	CC	0	aa	Singleton	otherSingleton	simple	other	other	noPrefix	noSuffix	 n	1	NA	NN	3	1	1	1	D	open	noCoda	simple	H	other	M	closed	L	M	closed	H	H H L	010
add	anticleia	AE2 N T IH0 K L EY1 AH0	2010	LC.CL.CCT.L	(AE n)(t IH)(k l EY)(AH)	penult	0	1	0	2	-V	L	-VV	H	-V	L	-LC	H	shortV	0	CC	C	ah	open	other	simple	other	other	noPrefix	noSuffix	NA	0	NA	NN	4	3	2	0	D	open	noCoda	simple	H	ah	M	open	L	M	open	L	L H L	010
add	anticlus	AE1 N T IH0 K L AH0 S	100	LC.CL.CCLC	(AE n)(t IH)(k l AH s)	antepenult	0	0	1	other	-LC	H	-V	L	-LC	H	other	other	shortV	CC	C	0	ah	Singleton	S	simple	other	other	noPrefix	noSuffix	 s	1	NA	NN	3	1	1	1	M	open	mayHaveCoda	complex	L	ah	M	closed	L	M	closed	H	H L L	100
add	antilochus	AE0 N T IH1 L AH0 K AH0 S	0100	LC.CL.CL.CLC	(AE n)(t IH)(l AH)(k AH s)	antepenult	0	0	1	0	-LC	H	-V	L	-V	L	-LC	H	shortV	C	C	C	ah	Singleton	S	simple	other	other	noPrefix	noSuffix	 s	1	NA	NN	4	1	1	1	M	open	noCoda	simple	L	ah	M	closed	L	M	open	L	L L L	100
add	antinous	AE0 N T IH1 N OW0 AH0 S	0100	LC.CL.CT.LC	(AE n)(t IH)(n OW)(AH s)	antepenult	0	0	1	0	-LC	H	-VV	H	-V	L	-LC	H	shortV	0	C	C	ah	Singleton	S	simple	other	other	noPrefix	noSuffix	 s	1	NA	NN	4	1	1	1	D	open	noCoda	simple	H	ah	M	closed	L	M	open	L	L H L	100
add	antiope	AE0 N T AY1 AH0 P IY0	0100	LC.CT.L.CL	(AE n)(t AY)(AH)(p IY)	antepenult	0	0	1	0	-V	L	-V	L	-VV	H	-LC	H	shortV	C	0	C	iy	open	other	simple	other	other	noPrefix	noSuffix	NA	0	NA	NN	4	1	1	1	M	open	noCoda	simple	L	iy	M	open	L	D	open	H	H L L	100
add	antiphates	AE0 N T IH1 F AH0 T IY0 Z	0100	LC.CL.CL.CLC	(AE n)(t IH)(f AH)(t IY z)	antepenult	0	0	1	0	-LC	H	-V	L	-V	L	-LC	H	shortV	C	C	C	iy	Singleton	otherSingleton	simple	other	other	noPrefix	noSuffix	 z	1	NA	NN	4	1	1	1	M	open	noCoda	simple	L	iy	M	closed	L	M	open	L	L L L	100
add	antiphus	AE1 N T IH0 F AH0 S	100	LC.CL.CLC	(AE n)(t IH)(f AH s)	antepenult	0	0	1	other	-LC	H	-V	L	-LC	H	other	other	shortV	C	C	0	ah	Singleton	S	simple	other	other	noPrefix	noSuffix	 s	1	NA	NN	3	1	1	1	M	open	noCoda	simple	L	ah	M	closed	L	M	closed	H	H L L	100
add	apeire	AH0 P AY1 R IY0	010	L.CT.CL	(AH)(p AY)(r IY)	penult	0	1	0	other	-V	L	-VV	H	-V	L	other	other	shortV	C	C	0	iy	open	other	simple	other	other	noPrefix	noSuffix	NA	0	NA	NN	3	1	1	1	D	open	noCoda	simple	H	iy	M	open	L	M	open	L	L H L	010
add	apheidas	AH0 F EY1 D AH0 S	010	L.CT.CLC	(AH)(f EY)(d AH s)	penult	0	1	0	other	-LC	H	-VV	H	-V	L	other	other	shortV	C	C	0	ah	Singleton	S	simple	other	other	noPrefix	noSuffix	 s	1	NA	NN	3	1	1	1	D	open	noCoda	simple	H	ah	M	closed	L	M	open	L	L H L	010
add	arcesius	AA0 R K IY1 S IY0 AH0 S	0100	LC.CL.CL.LC	(AA r)(k IY)(s IY)(AH s)	antepenult	0	0	1	0	-LC	H	-V	L	-V	L	-LC	H	shortV	0	C	C	ah	Singleton	S	simple	other	other	noPrefix	noSuffix	 s	1	NA	NN	4	1	1	1	M	open	noCoda	simple	L	ah	M	closed	L	M	open	L	L L L	100
replace	ares	EH1 R IY0 Z	10	L.CLC	(EH)(r IY z)	penult	0	1	other	other	-LC	H	-V	L	other	other	other	other	shortV	C	0	other	iy	Singleton	otherSingleton	simple	other	other	noPrefix	noSuffix	 z	1	NA	NN	2	1	1	1	M	open	noCoda	simple	L	iy	M	closed	L	nan	nan	L	L L L	10
add	arete	AH0 R IY1 T IY0	010	L.CL.CL	(AH)(r IY)(t IY)	penult	0	1	0	other	-V	L	-V	L	-V	L	other	other	shortV	C	C	0	iy	open	other	simple	other	other	noPrefix	noSuffix	NA	0	NA	NN	3	1	1	1	M	open	noCoda	simple	L	iy	M	open	L	M	open	L	L L L	010
add	arethusa	AE2 R IH0 TH UW1 Z AH0	2010	L.CL.CL.CL	(AE)(r IH)(th UW)(z AH)	penult	0	1	0	2	-V	L	-V	L	-V	L	-V	L	shortV	C	C	C	ah	open	other	simple	other	other	noPrefix	noSuffix	NA	0	NA	NN	4	3	2	0	M	open	noCoda	simple	L	ah	M	open	L	M	open	L	L L L	010
add	aretias	AH0 R IY1 T IY0 AE0 S	0100	L.CL.CL.LC	(AH)(r IY)(t IY)(AE s)	antepenult	0	0	1	0	-LC	H	-V	L	-V	L	-V	L	shortV	0	C	C	ae	Singleton	S	simple	other	other	noPrefix	noSuffix	 s	1	NA	NN	4	1	1	1	M	open	noCoda	simple	L	other	M	closed	L	M	open	L	L L L	100
add	aretus	AH0 R IY1 T AH0 S	010	L.CL.CLC	(AH)(r IY)(t AH s)	penult	0	1	0	other	-LC	H	-V	L	-V	L	other	other	shortV	C	C	0	ah	Singleton	S	simple	other	other	noPrefix	noSuffix	 s	1	NA	NN	3	1	1	1	M	open	noCoda	simple	L	ah	M	closed	L	M	open	L	L L L	010
add	argives	AA1 R G AY0 V Z	10	LC.CTCC	(AA r)(g AY v z)	penult	0	1	other	other	-TCC	H	-LC	H	other	other	other	other	longV	C	0	other	ay	Cluster	otherCluster	simple	other	other	noPrefix	noSuffix	 v z	2	NA	NNS	2	1	1	1	M	closed	mayHaveCoda	simple	H	other	D	cluster	H	nan	nan	L	L H H	10
add	argos	AA1 R G AA0 S	10	LC.CLC	(AA r)(g AA s)	penult	0	1	other	other	-LC	H	-LC	H	other	other	other	other	shortV	C	0	other	aa	Singleton	S	simple	other	other	noPrefix	noSuffix	 s	1	NA	NN	2	1	1	1	M	closed	mayHaveCoda	simple	H	other	M	closed	L	nan	nan	L	L H L	10
add	arnaeus	AA0 R N EY1 AH0 S	010	LC.CT.LC	(AA r)(n EY)(AH s)	penult	0	1	0	other	-LC	H	-VV	H	-LC	H	other	other	shortV	0	C	0	ah	Singleton	S	simple	other	other	noPrefix	noSuffix	 s	1	NA	NN	3	1	1	1	D	open	noCoda	simple	H	ah	M	closed	L	M	closed	H	H H L	010
add	artaky	AA1 R T AH0 K IY0	100	LC.CL.CL	(AA r)(t AH)(k IY)	antepenult	0	0	1	other	-V	L	-V	L	-LC	H	other	other	shortV	C	C	0	iy	open	other	simple	other	other	noPrefix	noSuffix	NA	0	NA	NN	3	1	1	1	M	open	noCoda	simple	L	iy	M	open	L	M	closed	H	H L L	100
add	artemis	AA1 R T IH0 M IH0 S	100	LC.CL.CLC	(AA r)(t IH)(m IH s)	antepenult	0	0	1	other	-LC	H	-V	L	-LC	H	other	other	shortV	C	C	0	ih	Singleton	S	simple	other	other	noPrefix	noSuffix	 s	1	NA	NN	3	1	1	1	M	open	noCoda	simple	L	ah	M	closed	L	M	closed	H	H L L	100
add	arybas	AE1 R IH0 B AE0 S	100	L.CL.CLC	(AE)(r IH)(b AE s)	antepenult	0	0	1	other	-LC	H	-V	L	-V	L	other	other	shortV	C	C	0	ae	Singleton	S	simple	other	other	noPrefix	noSuffix	 s	1	NA	NN	3	1	1	1	M	open	noCoda	simple	L	other	M	closed	L	M	open	L	L L L	100
add	asphalion	AE0 S F EY1 L IY0 AA0 N	0100	L.CCT.CL.LC	(AE)(s f EY)(l IY)(AA n)	antepenult	0	0	1	0	-LC	H	-V	L	-VV	H	-V	L	shortV	0	C	CC	aa	Singleton	otherSingleton	simple	other	other	noPrefix	noSuffix	 n	1	NA	NN	4	1	1	1	M	open	noCoda	simple	L	other	M	closed	L	D	open	H	H L L	100
add	asteris	AE1 S T ER0 IH0 S	100	L.CCL.LC	(AE)(s t ER)(IH s)	antepenult	0	0	1	other	-LC	H	-V	L	-V	L	other	other	shortV	0	CC	0	ih	Singleton	S	simple	other	other	noPrefix	noSuffix	 s	1	NA	NN	3	1	1	1	M	open	noCoda	simple	L	ah	M	closed	L	M	open	L	L L L	100
add	atreus	EY1 T R IY0 AH0 S	100	T.CCL.LC	(EY)(t r IY)(AH s)	antepenult	0	0	1	other	-LC	H	-V	L	-VV	H	other	other	shortV	0	CC	0	ah	Singleton	S	simple	other	other	noPrefix	noSuffix	 s	1	NA	NN	3	1	1	1	M	open	noCoda	simple	L	ah	M	closed	L	D	open	H	H L L	100
add	autolycus	AO0 T AA1 L IH0 K AH0 S	0100	L.CL.CL.CLC	(AO)(t AA)(l IH)(k AH s)	antepenult	0	0	1	0	-LC	H	-V	L	-V	L	-V	L	shortV	C	C	C	ah	Singleton	S	simple	other	other	noPrefix	noSuffix	 s	1	NA	NN	4	1	1	1	M	open	noCoda	simple	L	ah	M	closed	L	M	open	L	L L L	100
add	autonoe	AO0 T AA1 N OW0 IY0	0100	L.CL.CT.L	(AO)(t AA)(n OW)(IY)	antepenult	0	0	1	0	-V	L	-VV	H	-V	L	-V	L	shortV	0	C	C	iy	open	other	simple	other	other	noPrefix	noSuffix	NA	0	NA	NN	4	1	1	1	D	open	noCoda	simple	H	iy	M	open	L	M	open	L	L H L	100
add	boethoedes	B OW2 IY0 TH OW1 IY0 D IY0 Z	20100	CT.L.CT.L.CLC	(b OW)(IY)(th OW)(IY)(d IY z)	antepenult	0	0	1	0	-LC	H	-V	L	-VV	H	-V	L	shortV	C	0	C	iy	Singleton	otherSingleton	simple	other	other	noPrefix	noSuffix	 z	1	NA	NN	5	3	2	0	M	open	noCoda	simple	L	iy	M	closed	L	D	open	H	H L L	100
add	boreas	B AO1 R IY0 AE0 S	100	CL.CL.LC	(b AO)(r IY)(AE s)	antepenult	0	0	1	other	-LC	H	-V	L	-V	L	other	other	shortV	0	C	C	ae	Singleton	S	simple	other	other	noPrefix	noSuffix	 s	1	NA	NN	3	1	1	1	M	open	noCoda	simple	L	other	M	closed	L	M	open	L	L L L	100
add	cadmeans	K AE0 D M IY1 AH0 N Z	010	CLC.CL.LC	(k AE d)(m IY)(AN z)	penult	0	1	0	other	-LC	H	-V	L	-LC	H	other	other	shortV	0	C	C	an	Singleton	otherSingleton	simple	other	other	noPrefix	noSuffix	 z	1	NA	NNS	3	1	1	1	M	open	noCoda	simple	L	other	M	closed	L	M	closed	H	H L L	010
add	cauconians	K AO0 K OW1 N IY0 AH0 N Z	0100	CL.CT.CL.LC	(k AO)(k OW)(n IY)(AN z)	antepenult	0	0	1	0	-LC	H	-V	L	-VV	H	-V	L	shortV	0	C	C	an	Singleton	otherSingleton	simple	other	other	noPrefix	noSuffix	 z	1	NA	NNS	4	1	1	1	M	open	noCoda	simple	L	other	M	closed	L	D	open	H	H L L	100
add	cetians	S IY1 T IY0 AH0 N Z	100	CL.CL.LC	(s IY)(t IY)(AN z)	antepenult	0	0	1	other	-LC	H	-V	L	-V	L	other	other	shortV	0	C	C	an	Singleton	otherSingleton	simple	other	other	noPrefix	noSuffix	 z	1	NA	NNS	3	1	1	1	M	open	noCoda	simple	L	other	M	closed	L	M	open	L	L L L	100
add	chalcis	K AE1 L S IH0 S	10	CLC.CLC	(k AE l)(s IH s)	penult	0	1	other	other	-LC	H	-LC	H	other	other	other	other	shortV	C	C	other	ih	Singleton	S	simple	other	other	noPrefix	noSuffix	 s	1	NA	NN	2	1	1	1	M	closed	mayHaveCoda	simple	H	ah	M	closed	L	nan	nan	L	L H L	10
add	charybdis	K AH0 R IH1 B D IH0 S	010	CL.CLC.CLC	(k AH)(r IH b)(d IH s)	penult	0	1	0	other	-LC	H	-LC	H	-V	L	other	other	shortV	C	C	C	ih	Singleton	S	simple	other	other	noPrefix	noSuffix	 s	1	NA	NN	3	1	1	1	M	closed	mayHaveCoda	simple	H	ah	M	closed	L	M	open	L	L H L	010
add	chios	K AY1 AA0 S	10	CT.LC	(k AY)(AA s)	penult	0	1	other	other	-LC	H	-VV	H	other	other	other	other	shortV	0	C	other	aa	Singleton	S	simple	other	other	noPrefix	noSuffix	 s	1	NA	NN	2	1	1	1	D	open	noCoda	simple	H	other	M	closed	L	nan	nan	L	L H L	10
add	chromios	K R OW1 M IY0 AA0 S	100	CCT.CL.LC	(k r OW)(m IY)(AA s)	antepenult	0	0	1	other	-LC	H	-V	L	-VV	H	other	other	shortV	0	C	CC	aa	Singleton	S	simple	other	other	noPrefix	noSuffix	 s	1	NA	NN	3	1	1	1	M	open	noCoda	simple	L	other	M	closed	L	D	open	H	H L L	100
add	cicones	S IH0 K OW1 N IY0 Z	010	CL.CT.CLC	(s IH)(k OW)(n IY z)	penult	0	1	0	other	-LC	H	-VV	H	-V	L	other	other	shortV	C	C	C	iy	Singleton	otherSingleton	simple	other	other	noPrefix	noSuffix	 z	1	NA	NNS	3	1	1	1	D	open	noCoda	simple	H	iy	M	closed	L	M	open	L	L H L	010
add	cimmerians	S IH0 M IH1 R IY0 AH0 N Z	0100	CL.CL.CL.LC	(s IH)(m IH)(r IY)(AN z)	antepenult	0	0	1	0	-LC	H	-V	L	-V	L	-V	L	shortV	0	C	C	an	Singleton	otherSingleton	simple	other	other	noPrefix	noSuffix	 z	1	NA	NNS	4	1	1	1	M	open	noCoda	simple	L	other	M	closed	L	M	open	L	L L L	100
add	circe	S ER1 S IY0	10	CL.CL	(s ER)(s IY)	penult	0	1	other	other	-V	L	-V	L	other	other	other	other	shortV	C	C	other	iy	open	other	simple	other	other	noPrefix	noSuffix	NA	0	NA	NN	2	1	1	1	M	open	noCoda	simple	L	iy	M	open	L	nan	nan	L	L L L	10
add	clitus	K L AY1 T AH0 S	10	CCT.CLC	(k l AY)(t AH s)	penult	0	1	other	other	-LC	H	-VV	H	other	other	other	other	shortV	C	CC	other	ah	Singleton	S	simple	other	other	noPrefix	noSuffix	 s	1	NA	NN	2	1	1	1	D	open	noCoda	simple	H	ah	M	closed	L	nan	nan	L	L H L	10
replace	clymene	K L IH1 M IH0 N IY0	100	CCL.CL.CL	(k l IH)(m IH)(n IY)	antepenult	0	0	1	other	-V	L	-V	L	-V	L	other	other	shortV	C	C	CC	iy	open	other	simple	other	other	noPrefix	noSuffix	NA	0	NA	NN	3	1	1	1	M	open	noCoda	simple	L	iy	M	open	L	M	open	L	L L L	100
add	clytemnestra	K L AY2 T AH0 M N EH1 S T R AH0	2010	CCT.CL.CL.CCCL	(k l AY)(t AN)(n EH)(s t r AH)	penult	0	1	0	2	-V	L	-V	L	-V	L	-VV	H	shortV	CCC	C	C	ah	open	other	simple	other	other	noPrefix	noSuffix	NA	0	NA	NN	4	3	2	0	M	open	mayHaveCoda	complex	L	ah	M	open	L	M	open	L	L L L	010
add	clytius	K L IH1 T IY0 AH0 S	100	CCL.CL.LC	(k l IH)(t IY)(AH s)	antepenult	0	0	1	other	-LC	H	-V	L	-V	L	other	other	shortV	0	C	CC	ah	Singleton	S	simple	other	other	noPrefix	noSuffix	 s	1	NA	NN	3	1	1	1	M	open	noCoda	simple	L	ah	M	closed	L	M	open	L	L L L	100
add	clytoneus	K L IH0 T OW1 N IY0 AH0 S	0100	CCL.CT.CL.LC	(k l IH)(t OW)(n IY)(AH s)	antepenult	0	0	1	0	-LC	H	-V	L	-VV	H	-V	L	shortV	0	C	C	ah	Singleton	S	simple	other	other	noPrefix	noSuffix	 s	1	NA	NN	4	1	1	1	M	open	noCoda	simple	L	ah	M	closed	L	D	open	H	H L L	100
add	cocytus	K OW0 S AY1 T AH0 S	010	CT.CT.CLC	(k OW)(s AY)(t AH s)	penult	0	1	0	other	-LC	H	-VV	H	-VV	H	other	other	shortV	C	C	C	ah	Singleton	S	simple	other	other	noPrefix	noSuffix	 s	1	NA	NN	3	1	1	1	D	open	noCoda	simple	H	ah	M	closed	L	D	open	H	H H L	010
add	corax	K AO1 R AE0 K S	10	CL.CLCC	(k AO)(r AE k s)	penult	0	1	other	other	-LCC	H	-V	L	other	other	other	other	shortV	C	C	other	ae	Cluster	otherCluster	simple	other	other	noPrefix	noSuffix	 k s	2	NA	NN	2	1	1	1	M	open	noCoda	simple	L	other	M	cluster	H	nan	nan	L	L L H	10
add	cratais	K R AH0 T EY1 IH0 S	010	CCL.CT.LC	(k r AH)(t EY)(IH s)	penult	0	1	0	other	-LC	H	-VV	H	-V	L	other	other	shortV	0	C	CC	ih	Singleton	S	simple	other	other	noPrefix	noSuffix	 s	1	NA	NN	3	1	1	1	D	open	noCoda	simple	H	ah	M	closed	L	M	open	L	L H L	010
add	creon	K R IY1 AA0 N	10	CCL.LC	(k r IY)(AA n)	penult	0	1	other	other	-LC	H	-V	L	other	other	other	other	shortV	0	CC	other	aa	Singleton	otherSingleton	simple	other	other	noPrefix	noSuffix	 n	1	NA	NN	2	1	1	1	M	open	noCoda	simple	L	other	M	closed	L	nan	nan	L	L L L	10
add	cretheus	K R IY1 TH IY0 AH0 S	100	CCL.CL.LC	(k r IY)(th IY)(AH s)	antepenult	0	0	1	other	-LC	H	-V	L	-V	L	other	other	shortV	0	C	CC	ah	Singleton	S	simple	other	other	noPrefix	noSuffix	 s	1	NA	NN	3	1	1	1	M	open	noCoda	simple	L	ah	M	closed	L	M	open	L	L L L	100
add	crouni	K R UW1 N AY0	10	CCL.CT	(k r UW)(n AY)	penult	0	1	other	other	-VV	H	-V	L	other	other	other	other	longV	C	CC	other	ay	open	other	simple	other	other	noPrefix	noSuffix	NA	0	NA	NN	2	1	1	1	M	open	noCoda	simple	L	other	D	open	H	nan	nan	L	L L H	10
add	ctesippus	T IY0 S IH1 P AH0 S	010	CL.CL.CLC	(t IY)(s IH)(p AH s)	penult	0	1	0	other	-LC	H	-V	L	-V	L	other	other	shortV	C	C	C	ah	Singleton	S	simple	other	other	noPrefix	noSuffix	 s	1	NA	NN	3	1	1	1	M	open	noCoda	simple	L	ah	M	closed	L	M	open	L	L L L	010
add	ctesius	T IY1 S IY0 AH0 S	100	CL.CL.LC	(t IY)(s IY)(AH s)	antepenult	0	0	1	other	-LC	H	-V	L	-V	L	other	other	shortV	0	C	C	ah	Singleton	S	simple	other	other	noPrefix	noSuffix	 s	1	NA	NN	3	1	1	1	M	open	noCoda	simple	L	ah	M	closed	L	M	open	L	L L L	100
add	ctimene	T IH0 M EH1 N IY0	010	CL.CL.CL	(t IH)(m EH)(n IY)	penult	0	1	0	other	-V	L	-V	L	-V	L	other	other	shortV	C	C	C	iy	open	other	simple	other	other	noPrefix	noSuffix	NA	0	NA	NN	3	1	1	1	M	open	noCoda	simple	L	iy	M	open	L	M	open	L	L L L	010
add	cyclopes	S AY0 K L OW1 P IY0 Z	010	CT.CCT.CLC	(s AY)(k l OW)(p IY z)	penult	0	1	0	other	-LC	H	-VV	H	-VV	H	other	other	shortV	C	CC	C	iy	Singleton	otherSingleton	simple	other	other	noPrefix	noSuffix	 z	1	NA	NNS	3	1	1	1	D	open	noCoda	simple	H	iy	M	closed	L	D	open	H	H H L	010
add	cydonians	S IH0 D OW1 N IY0 AH0 N Z	0100	CL.CT.CL.LC	(s IH)(d OW)(n IY)(AN z)	antepenult	0	0	1	0	-LC	H	-V	L	-VV	H	-V	L	shortV	0	C	C	an	Singleton	otherSingleton	simple	other	other	noPrefix	noSuffix	 z	1	NA	NNS	4	1	1	1	M	open	noCoda	simple	L	other	M	closed	L	D	open	H	H L L	100
add	cythera	S IH0 TH IH1 R AH0	010	CL.CL.CL	(s IH)(th IH)(r AH)	penult	0	1	0	other	-V	L	-V	L	-V	L	other	other	shortV	C	C	C	ah	open	other	simple	other	other	noPrefix	noSuffix	NA	0	NA	NN	3	1	1	1	M	open	noCoda	simple	L	ah	M	open	L	M	open	L	L L L	010
add	deiphobus	D IY0 IH1 F AH0 B AH0 S	0100	CL.L.CL.CLC	(d IY)(IH)(f AH)(b AH s)	antepenult	0	0	1	0	-LC	H	-V	L	-V	L	-V	L	shortV	C	C	0	ah	Singleton	S	simple	other	other	noPrefix	noSuffix	 s	1	NA	NN	4	1	1	1	M	open	noCoda	simple	L	ah	M	closed	L	M	open	L	L L L	100
add	delos	D IY1 L AA0 S	10	CL.CLC	(d IY)(l AA s)	penult	0	1	other	other	-LC	H	-V	L	other	other	other	other	shortV	C	C	other	aa	Singleton	S	simple	other	other	noPrefix	noSuffix	 s	1	NA	NN	2	1	1	1	M	open	noCoda	simple	L	other	M	closed	L	nan	nan	L	L L L	10
add	demodocus	D IH0 M AA1 D AH0 K AH0 S	0100	CL.CL.CL.CLC	(d IH)(m AA)(d AH)(k AH s)	antepenult	0	0	1	0	-LC	H	-V	L	-V	L	-V	L	shortV	C	C	C	ah	Singleton	S	simple	other	other	noPrefix	noSuffix	 s	1	NA	NN	4	1	1	1	M	open	noCoda	simple	L	ah	M	closed	L	M	open	L	L L L	100
add	demoptolemus	D EH2 M AH0 P T AA1 L IH0 M AH0 S	20100	CL.CLC.CL.CL.CLC	(d EH)(m AH p)(t AA)(l IH)(m AH s)	antepenult	0	0	1	0	-LC	H	-V	L	-V	L	-LC	H	shortV	C	C	C	ah	Singleton	S	simple	other	other	noPrefix	noSuffix	 s	1	NA	NN	5	3	2	0	M	open	noCoda	simple	L	ah	M	closed	L	M	open	L	L L L	100
add	deucalion	D Y UW0 K EY1 L IY0 AH0 N	0100	CCL.CT.CL.L	(d y UW)(k EY)(l IY)(AN)	antepenult	0	0	1	0	-V	L	-V	L	-VV	H	-V	L	shortV	0	C	C	an	open	other	simple	other	other	noPrefix	noSuffix	NA	0	NA	NN	4	1	1	1	M	open	noCoda	simple	L	other	M	open	L	D	open	H	H L L	100
add	diocles	D AY1 AH0 K L IY0 Z	100	CT.L.CCLC	(d AY)(AH)(k l IY z)	antepenult	0	0	1	other	-LC	H	-V	L	-VV	H	other	other	shortV	CC	0	C	iy	Singleton	otherSingleton	simple	other	other	noPrefix	noSuffix	 z	1	NA	NN	3	1	1	1	M	open	mayHaveCoda	complex	L	iy	M	closed	L	D	open	H	H L L	100
add	diomedes	D AY2 AH0 M IY1 D IY0 Z	2010	CT.L.CL.CLC	(d AY)(AH)(m IY)(d IY z)	penult	0	1	0	2	-LC	H	-V	L	-V	L	-VV	H	shortV	C	C	0	iy	Singleton	otherSingleton	simple	other	other	noPrefix	noSuffix	 z	1	NA	NN	4	3	2	0	M	open	noCoda	simple	L	iy	M	closed	L	M	open	L	L L L	010
add	dionysus	D AY2 AH0 N AY1 S AH0 S	2010	CT.L.CT.CLC	(d AY)(AH)(n AY)(s AH s)	penult	0	1	0	2	-LC	H	-VV	H	-V	L	-VV	H	shortV	C	C	0	ah	Singleton	S	simple	other	other	noPrefix	noSuffix	 s	1	NA	NN	4	3	2	0	D	open	noCoda	simple	H	ah	M	closed	L	M	open	L	L H L	010
add	dmetor	D M IY1 T AO0 R	10	CCL.CLC	(d m IY)(t AO r)	penult	0	1	other	other	-LC	H	-V	L	other	other	other	other	shortV	C	CC	other	ao	Singleton	otherSingleton	simple	other	other	noPrefix	noSuffix	 r	1	NA	NN	2	1	1	1	M	open	noCoda	simple	L	other	M	closed	L	nan	nan	L	L L L	10
add	dolius	D OW1 L IY0 AH0 S	100	CT.CL.LC	(d OW)(l IY)(AH s)	antepenult	0	0	1	other	-LC	H	-V	L	-VV	H	other	other	shortV	0	C	C	ah	Singleton	S	simple	other	other	noPrefix	noSuffix	 s	1	NA	NN	3	1	1	1	M	open	noCoda	simple	L	ah	M	closed	L	D	open	H	H L L	100
add	dulichium	D UW0 L IH1 K IY0 AH0 M	0100	CL.CL.CL.L	(d UW)(l IH)(k IY)(AN)	antepenult	0	0	1	0	-V	L	-V	L	-V	L	-V	L	shortV	0	C	C	an	open	other	simple	other	other	noPrefix	noSuffix	NA	0	NA	NN	4	1	1	1	M	open	noCoda	simple	L	other	M	open	L	M	open	L	L L L	100
add	dymas	D IH1 M AE0 S	10	CL.CLC	(d IH)(m AE s)	penult	0	1	other	other	-LC	H	-V	L	other	other	other	other	shortV	C	C	other	ae	Singleton	S	simple	other	other	noPrefix	noSuffix	 s	1	NA	NN	2	1	1	1	M	open	noCoda	simple	L	other	M	closed	L	nan	nan	L	L L L	10
add	echeneus	EH2 K IH0 N IY1 AH0 S	2010	L.CL.CL.LC	(EH)(k IH)(n IY)(AH s)	penult	0	1	0	2	-LC	H	-V	L	-V	L	-V	L	shortV	0	C	C	ah	Singleton	S	simple	other	other	noPrefix	noSuffix	 s	1	NA	NN	4	3	2	0	M	open	noCoda	simple	L	ah	M	closed	L	M	open	L	L L L	010
add	echephron	EH1 K IH0 F R AA0 N	100	L.CL.CCLC	(EH)(k IH)(f r AA n)	antepenult	0	0	1	other	-LC	H	-V	L	-V	L	other	other	shortV	CC	C	0	aa	Singleton	otherSingleton	simple	other	other	noPrefix	noSuffix	 n	1	NA	NN	3	1	1	1	M	open	mayHaveCoda	complex	L	other	M	closed	L	M	open	L	L L L	100
add	echetus	EH1 K IH0 T AH0 S	100	L.CL.CLC	(EH)(k IH)(t AH s)	antepenult	0	0	1	other	-LC	H	-V	L	-V	L	other	other	shortV	C	C	0	ah	Singleton	S	simple	other	other	noPrefix	noSuffix	 s	1	NA	NN	3	1	1	1	M	open	noCoda	simple	L	ah	M	closed	L	M	open	L	L L L	100
add	eidothea	AY2 D OW0 TH IY1 AH0	2010	T.CT.CL.L	(AY)(d OW)(th IY)(AH)	penult	0	1	0	2	-V	L	-V	L	-VV	H	-VV	H	shortV	0	C	C	ah	open	other	simple	other	other	noPrefix	noSuffix	NA	0	NA	NN	4	3	2	0	M	open	noCoda	simple	L	ah	M	open	L	D	open	H	H L L	010
add	eileithyia	AY2 L AY0 TH AY1 AH0	2010	T.CT.CT.L	(AY)(l AY)(th AY)(AH)	penult	0	1	0	2	-V	L	-VV	H	-VV	H	-VV	H	shortV	0	C	C	ah	open	other	simple	other	other	noPrefix	noSuffix	NA	0	NA	NN	4	3	2	0	D	open	noCoda	simple	H	ah	M	open	L	D	open	H	H H L	010
add	elatreus	IH0 L AE1 T R IY0 AH0 S	0100	L.CL.CCL.LC	(IH)(l AE)(t r IY)(AH s)	antepenult	0	0	1	0	-LC	H	-V	L	-V	L	-V	L	shortV	0	CC	C	ah	Singleton	S	simple	other	other	noPrefix	noSuffix	 s	1	NA	NN	4	1	1	1	M	open	noCoda	simple	L	ah	M	closed	L	M	open	L	L L L	100
add	elatus	EH1 L AH0 T AH0 S	100	L.CL.CLC	(EH)(l AH)(t AH s)	antepenult	0	0	1	other	-LC	H	-V	L	-V	L	other	other	shortV	C	C	0	ah	Singleton	S	simple	other	other	noPrefix	noSuffix	 s	1	NA	NN	3	1	1	1	M	open	noCoda	simple	L	ah	M	closed	L	M	open	L	L L L	100
add	elis	IY1 L IH0 S	10	L.CLC	(IY)(l IH s)	penult	0	1	other	other	-LC	H	-V	L	other	other	other	other	shortV	C	0	other	ih	Singleton	S	simple	other	other	noPrefix	noSuffix	 s	1	NA	NN	2	1	1	1	M	open	noCoda	simple	L	ah	M	closed	L	nan	nan	L	L L L	10
add	elpenor	EH0 L P IY1 N AO0 R	010	LC.CL.CLC	(EH l)(p IY)(n AO r)	penult	0	1	0	other	-LC	H	-V	L	-LC	H	other	other	shortV	C	C	0	ao	Singleton	otherSingleton	simple	other	other	noPrefix	noSuffix	 r	1	NA	NN	3	1	1	1	M	open	noCoda	simple	L	other	M	closed	L	M	closed	H	H L L	010
add	enipeus	IH0 N IH1 P IY0 AH0 S	0100	L.CL.CL.LC	(IH)(n IH)(p IY)(AH s)	antepenult	0	0	1	0	-LC	H	-V	L	-V	L	-V	L	shortV	0	C	C	ah	Singleton	S	simple	other	other	noPrefix	noSuffix	 s	1	NA	NN	4	1	1	1	M	open	noCoda	simple	L	ah	M	closed	L	M	open	L	L L L	100
add	epeians	IH0 P IY1 AH0 N Z	010	L.CL.LC	(IH)(p IY)(AN z)	penult	0	1	0	other	-LC	H	-V	L	-V	L	other	other	shortV	0	C	0	an	Singleton	otherSingleton	simple	other	other	noPrefix	noSuffix	 z	1	NA	NNS	3	1	1	1	M	open	noCoda	simple	L	other	M	closed	L	M	open	L	L L L	010
add	epeius	IH0 P IY1 AH0 S	010	L.CL.LC	(IH)(p IY)(AH s)	penult	0	1	0	other	-LC	H	-V	L	-V	L	other	other	shortV	0	C	0	ah	Singleton	S	simple	other	other	noPrefix	noSuffix	 s	1	NA	NN	3	1	1	1	M	open	noCoda	simple	L	ah	M	closed	L	M	open	L	L L L	010
add	eperitus	EH2 P IH0 R AY1 T AH0 S	2010	L.CL.CT.CLC	(EH)(p IH)(r AY)(t AH s)	penult	0	1	0	2	-LC	H	-VV	H	-V	L	-V	L	shortV	C	C	C	ah	Singleton	S	simple	other	other	noPrefix	noSuffix	 s	1	NA	NN	4	3	2	0	D	open	noCoda	simple	H	ah	M	closed	L	M	open	L	L H L	010
add	ephialtes	EH2 F IY0 AE1 L T IY0 Z	2010	L.CL.LC.CLC	(EH)(f IY)(AE l)(t IY z)	penult	0	1	0	2	-LC	H	-LC	H	-V	L	-V	L	shortV	C	0	C	iy	Singleton	otherSingleton	simple	other	other	noPrefix	noSuffix	 z	1	NA	NN	4	3	2	0	M	closed	mayHaveCoda	simple	H	iy	M	closed	L	M	open	L	L H L	010
add	ephyra	EH1 F IH0 R AH0	100	L.CL.CL	(EH)(f IH)(r AH)	antepenult	0	0	1	other	-V	L	-V	L	-V	L	other	other	shortV	C	C	0	ah	open	other	simple	other	other	noPrefix	noSuffix	NA	0	NA	NN	3	1	1	1	M	open	noCoda	simple	L	ah	M	open	L	M	open	L	L L L	100
add	epicaste	EH2 P IH0 K AE1 S T IY0	2010	L.CL.CL.CCL	(EH)(p IH)(k AE)(s t IY)	penult	0	1	0	2	-V	L	-V	L	-V	L	-V	L	shortV	CC	C	C	iy	open	other	simple	other	other	noPrefix	noSuffix	NA	0	NA	NN	4	3	2	0	M	open	mayHaveCoda	complex	L	iy	M	open	L	M	open	L	L L L	010
add	erebus	EH1 R IH0 B AH0 S	100	L.CL.CLC	(EH)(r IH)(b AH s)	antepenult	0	0	1	other	-LC	H	-V	L	-V	L	other	other	shortV	C	C	0	ah	Singleton	S	simple	other	other	noPrefix	noSuffix	 s	1	NA	NN	3	1	1	1	M	open	noCoda	simple	L	ah	M	closed	L	M	open	L	L L L	100
add	erechtheus	IH0 R EH1 K TH IY0 AH0 S	0100	L.CLC.CL.LC	(IH)(r EH k)(th IY)(AH s)	antepenult	0	0	1	0	-LC	H	-V	L	-LC	H	-V	L	shortV	0	C	C	ah	Singleton	S	simple	other	other	noPrefix	noSuffix	 s	1	NA	NN	4	1	1	1	M	open	noCoda	simple	L	ah	M	closed	L	M	closed	H	H L L	100
add	eretmeus	IH0 R EH1 T M IY0 AH0 S	0100	L.CLC.CL.LC	(IH)(r EH t)(m IY)(AH s)	antepenult	0	0	1	0	-LC	H	-V	L	-LC	H	-V	L	shortV	0	C	C	ah	Singleton	S	simple	other	other	noPrefix	noSuffix	 s	1	NA	NN	4	1	1	1	M	open	noCoda	simple	L	ah	M	closed	L	M	closed	H	H L L	100
add	eriphyle	EH2 R IH0 F AY1 L IY0	2010	L.CL.CT.CL	(EH)(r IH)(f AY)(l IY)	penult	0	1	0	2	-V	L	-VV	H	-V	L	-V	L	shortV	C	C	C	iy	open	other	simple	other	other	noPrefix	noSuffix	NA	0	NA	NN	4	3	2	0	D	open	noCoda	simple	H	iy	M	open	L	M	open	L	L H L	010
add	erymanthus	EH2 R IH0 M AE1 N TH AH0 S	2010	L.CL.CLC.CLC	(EH)(r IH)(m AE n)(th AH s)	penult	0	1	0	2	-LC	H	-LC	H	-V	L	-V	L	shortV	C	C	C	ah	Singleton	S	simple	other	other	noPrefix	noSuffix	 s	1	NA	NN	4	3	2	0	M	closed	mayHaveCoda	simple	H	ah	M	closed	L	M	open	L	L H L	010
add	eteoneus	EH2 T IY0 OW0 N IY1 AH0 S	20010	L.CL.T.CL.LC	(EH)(t IY)(OW)(n IY)(AH s)	penult	0	1	0	0	-LC	H	-V	L	-VV	H	-V	L	shortV	0	C	0	ah	Singleton	S	simple	other	other	noPrefix	noSuffix	 s	1	NA	NN	5	4	2	0	M	open	noCoda	simple	L	ah	M	closed	L	D	open	H	H L L	010
add	euanthes	Y UW0 AE1 N TH IY0 Z	010	CL.LC.CLC	(y UW)(AE n)(th IY z)	penult	0	1	0	other	-LC	H	-LC	H	-V	L	other	other	shortV	C	0	C	iy	Singleton	otherSingleton	simple	other	other	noPrefix	noSuffix	 z	1	NA	NN	3	1	1	1	M	closed	mayHaveCoda	simple	H	iy	M	closed	L	M	open	L	L H L	010
add	euboea	Y UW0 B IY1 AH0	010	CL.CL.L	(y UW)(b IY)(AH)	penult	0	1	0	other	-V	L	-V	L	-V	L	other	other	shortV	0	C	C	ah	open	other	simple	other	other	noPrefix	noSuffix	NA	0	NA	NN	3	1	1	1	M	open	noCoda	simple	L	ah	M	open	L	M	open	L	L L L	010
add	euenor	Y UW0 IY1 N AO0 R	010	CL.L.CLC	(y UW)(IY)(n AO r)	penult	0	1	0	other	-LC	H	-V	L	-V	L	other	other	shortV	C	0	C	ao	Singleton	otherSingleton	simple	other	other	noPrefix	noSuffix	 r	1	NA	NN	3	1	1	1	M	open	noCoda	simple	L	other	M	closed	L	M	open	L	L L L	010
add	eumaeus	Y UW0 M IY1 AH0 S	010	CL.CL.LC	(y UW)(m IY)(AH s)	penult	0	1	0	other	-LC	H	-V	L	-V	L	other	other	shortV	0	C	C	ah	Singleton	S	simple	other	other	noPrefix	noSuffix	 s	1	NA	NN	3	1	1	1	M	open	noCoda	simple	L	ah	M	closed	L	M	open	L	L L L	010
add	eumelus	Y UW0 M IY1 L AH0 S	010	CL.CL.CLC	(y UW)(m IY)(l AH s)	penult	0	1	0	other	-LC	H	-V	L	-V	L	other	other	shortV	C	C	C	ah	Singleton	S	simple	other	other	noPrefix	noSuffix	 s	1	NA	NN	3	1	1	1	M	open	noCoda	simple	L	ah	M	closed	L	M	open	L	L L L	010
add	eupeithes	Y UW0 P AY1 TH IY0 Z	010	CL.CT.CLC	(y UW)(p AY)(th IY z)	penult	0	1	0	other	-LC	H	-VV	H	-V	L	other	other	shortV	C	C	C	iy	Singleton	otherSingleton	simple	other	other	noPrefix	noSuffix	 z	1	NA	NN	3	1	1	1	D	open	noCoda	simple	H	iy	M	closed	L	M	open	L	L H L	010
add	eurus	Y UH1 R AH0 S	10	CL.CLC	(y UH)(r AH s)	penult	0	1	other	other	-LC	H	-V	L	other	other	other	other	shortV	C	C	other	ah	Singleton	S	simple	other	other	noPrefix	noSuffix	 s	1	NA	NN	2	1	1	1	M	open	noCoda	simple	L	ah	M	closed	L	nan	nan	L	L L L	10
add	euryades	Y UH0 R AY1 AH0 D IY0 Z	0100	CL.CT.L.CLC	(y UH)(r AY)(AH)(d IY z)	antepenult	0	0	1	0	-LC	H	-V	L	-VV	H	-V	L	shortV	C	0	C	iy	Singleton	otherSingleton	simple	other	other	noPrefix	noSuffix	 z	1	NA	NN	4	1	1	1	M	open	noCoda	simple	L	iy	M	closed	L	D	open	H	H L L	100
add	euryalus	Y UH0 R AY1 AH0 L AH0 S	0100	CL.CT.L.CLC	(y UH)(r AY)(AH)(l AH s)	antepenult	0	0	1	0	-LC	H	-V	L	-VV	H	-V	L	shortV	C	0	C	ah	Singleton	S	simple	other	other	noPrefix	noSuffix	 s	1	NA	NN	4	1	1	1	M	open	noCoda	simple	L	ah	M	closed	L	D	open	H	H L L	100
add	eurybates	Y UH0 R IH1 B AH0 T IY0 Z	0100	CL.CL.CL.CLC	(y UH)(r IH)(b AH)(t IY z)	antepenult	0	0	1	0	-LC	H	-V	L	-V	L	-V	L	shortV	C	C	C	iy	Singleton	otherSingleton	simple	other	other	noPrefix	noSuffix	 z	1	NA	NN	4	1	1	1	M	open	noCoda	simple	L	iy	M	closed	L	M	open	L	L L L	100
add	eurycleia	Y UH2 R IH0 K L AY1 AH0	2010	CL.CL.CCT.L	(y UH)(r IH)(k l AY)(AH)	penult	0	1	0	2	-V	L	-VV	H	-V	L	-V	L	shortV	0	CC	C	ah	open	other	simple	other	other	noPrefix	noSuffix	NA	0	NA	NN	4	3	2	0	D	open	noCoda	simple	H	ah	M	open	L	M	open	L	L H L	010
add	eurydamas	Y UH0 R IH1 D AH0 M AE0 S	0100	CL.CL.CL.CLC	(y UH)(r IH)(d AH)(m AE s)	antepenult	0	0	1	0	-LC	H	-V	L	-V	L	-V	L	shortV	C	C	C	ae	Singleton	S	simple	other	other	noPrefix	noSuffix	 s	1	NA	NN	4	1	1	1	M	open	noCoda	simple	L	other	M	closed	L	M	open	L	L L L	100
add	eurydice	Y UH0 R IH1 D IH0 S IY0	0100	CL.CL.CL.CL	(y UH)(r IH)(d IH)(s IY)	antepenult	0	0	1	0	-V	L	-V	L	-V	L	-V	L	shortV	C	C	C	iy	open	other	simple	other	other	noPrefix	noSuffix	NA	0	NA	NN	4	1	1	1	M	open	noCoda	simple	L	iy	M	open	L	M	open	L	L L L	100
add	eurylochus	Y UH0 R IH1 L AH0 K AH0 S	0100	CL.CL.CL.CLC	(y UH)(r IH)(l AH)(k AH s)	antepenult	0	0	1	0	-LC	H	-V	L	-V	L	-V	L	shortV	C	C	C	ah	Singleton	S	simple	other	other	noPrefix	noSuffix	 s	1	NA	NN	4	1	1	1	M	open	noCoda	simple	L	ah	M	closed	L	M	open	L	L L L	100
add	eurymachus	Y UH0 R IH1 M AH0 K AH0 S	0100	CL.CL.CL.CLC	(y UH)(r IH)(m AH)(k AH s)	antepenult	0	0	1	0	-LC	H	-V	L	-V	L	-V	L	shortV	C	C	C	ah	Singleton	S	simple	other	other	noPrefix	noSuffix	 s	1	NA	NN	4	1	1	1	M	open	noCoda	simple	L	ah	M	closed	L	M	open	L	L L L	100
add	eurymedon	Y UH0 R IH1 M IH0 D AA0 N	0100	CL.CL.CL.CLC	(y UH)(r IH)(m IH)(d AA n)	antepenult	0	0	1	0	-LC	H	-V	L	-V	L	-V	L	shortV	C	C	C	aa	Singleton	otherSingleton	simple	other	other	noPrefix	noSuffix	 n	1	NA	NN	4	1	1	1	M	open	noCoda	simple	L	other	M	closed	L	M	open	L	L L L	100
add	eurymedusa	Y UH2 R IH0 M IH0 D UW1 Z AH0	20010	CL.CL.CL.CL.CL	(y UH)(r IH)(m IH)(d UW)(z AH)	penult	0	1	0	0	-V	L	-V	L	-V	L	-V	L	shortV	C	C	C	ah	open	other	simple	other	other	noPrefix	noSuffix	NA	0	NA	NN	5	4	2	0	M	open	noCoda	simple	L	ah	M	open	L	M	open	L	L L L	010
add	eurymus	Y UH1 R IH0 M AH0 S	100	CL.CL.CLC	(y UH)(r IH)(m AH s)	antepenult	0	0	1	other	-LC	H	-V	L	-V	L	other	other	shortV	C	C	C	ah	Singleton	S	simple	other	other	noPrefix	noSuffix	 s	1	NA	NN	3	1	1	1	M	open	noCoda	simple	L	ah	M	closed	L	M	open	L	L L L	100
add	eurynome	Y UH0 R IH1 N AH0 M IY0	0100	CL.CL.CL.CL	(y UH)(r IH)(n AH)(m IY)	antepenult	0	0	1	0	-V	L	-V	L	-V	L	-V	L	shortV	C	C	C	iy	open	other	simple	other	other	noPrefix	noSuffix	NA	0	NA	NN	4	1	1	1	M	open	noCoda	simple	L	iy	M	open	L	M	open	L	L L L	100
add	eurynomus	Y UH0 R IH1 N AH0 M AH0 S	0100	CL.CL.CL.CLC	(y UH)(r IH)(n AH)(m AH s)	antepenult	0	0	1	0	-LC	H	-V	L	-V	L	-V	L	shortV	C	C	C	ah	Singleton	S	simple	other	other	noPrefix	noSuffix	 s	1	NA	NN	4	1	1	1	M	open	noCoda	simple	L	ah	M	closed	L	M	open	L	L L L	100
add	eurypylus	Y UH0 R IH1 P IH0 L AH0 S	0100	CL.CL.CL.CLC	(y UH)(r IH)(p IH)(l AH s)	antepenult	0	0	1	0	-LC	H	-V	L	-V	L	-V	L	shortV	C	C	C	ah	Singleton	S	simple	other	other	noPrefix	noSuffix	 s	1	NA	NN	4	1	1	1	M	open	noCoda	simple	L	ah	M	closed	L	M	open	L	L L L	100
add	eurytion	Y UH0 R IH1 T IY0 AA0 N	0100	CL.CL.CL.LC	(y UH)(r IH)(t IY)(AA n)	antepenult	0	0	1	0	-LC	H	-V	L	-V	L	-V	L	shortV	0	C	C	aa	Singleton	otherSingleton	simple	other	other	noPrefix	noSuffix	 n	1	NA	NN	4	1	1	1	M	open	noCoda	simple	L	other	M	closed	L	M	open	L	L L L	100
add	eurytus	Y UH1 R IH0 T AH0 S	100	CL.CL.CLC	(y UH)(r IH)(t AH s)	antepenult	0	0	1	other	-LC	H	-V	L	-V	L	other	other	shortV	C	C	C	ah	Singleton	S	simple	other	other	noPrefix	noSuffix	 s	1	NA	NN	3	1	1	1	M	open	noCoda	simple	L	ah	M	closed	L	M	open	L	L L L	100
add	geraestus	JH IH0 R EH1 S T AH0 S	010	CL.CL.CCLC	(jh IH)(r EH)(s t AH s)	penult	0	1	0	other	-LC	H	-V	L	-V	L	other	other	shortV	CC	C	C	ah	Singleton	S	simple	other	other	noPrefix	noSuffix	 s	1	NA	NN	3	1	1	1	M	open	mayHaveCoda	complex	L	ah	M	closed	L	M	open	L	L L L	010
add	gerenian	JH IH0 R IY1 N IY0 AH0 N	0100	CL.CL.CL.L	(jh IH)(r IY)(n IY)(AN)	antepenult	0	0	1	0	-V	L	-V	L	-V	L	-V	L	shortV	0	C	C	an	open	other	simple	other	other	noPrefix	noSuffix	NA	0	NA	NN	4	1	1	1	M	open	noCoda	simple	L	other	M	open	L	M	open	L	L L L	100
add	gortyn	G AO1 R T IH0 N	10	CLC.CLC	(g AO r)(t IH n)	penult	0	1	other	other	-LC	H	-LC	H	other	other	other	other	shortV	C	C	other	ih	Singleton	otherSingleton	simple	other	other	noPrefix	noSuffix	 n	1	NA	NN	2	1	1	1	M	closed	mayHaveCoda	simple	H	ah	M	closed	L	nan	nan	L	L H L	10
add	gyrae	JH AY1 R IY0	10	CT.CL	(jh AY)(r IY)	penult	0	1	other	other	-V	L	-VV	H	other	other	other	other	shortV	C	C	other	iy	open	other	simple	other	other	noPrefix	noSuffix	NA	0	NA	NN	2	1	1	1	D	open	noCoda	simple	H	iy	M	open	L	nan	nan	L	L H L	10
replace	hades	HH EY1 D IY0 Z	10	CT.CLC	(hh EY)(d IY z)	penult	0	1	other	other	-LC	H	-VV	H	other	other	other	other	shortV	C	C	other	iy	Singleton	otherSingleton	simple	other	other	noPrefix	noSuffix	 z	1	NA	NN	2	1	1	1	D	open	noCoda	simple	H	iy	M	closed	L	nan	nan	L	L H L	10
add	halitherses	HH AE2 L IH0 TH ER1 S IY0 Z	2010	CL.CL.CL.CLC	(hh AE)(l IH)(th ER)(s IY z)	penult	0	1	0	2	-LC	H	-V	L	-V	L	-V	L	shortV	C	C	C	iy	Singleton	otherSingleton	simple	other	other	noPrefix	noSuffix	 z	1	NA	NN	4	3	2	0	M	open	noCoda	simple	L	iy	M	closed	L	M	open	L	L L L	010
add	halius	HH EY1 L IY0 AH0 S	100	CT.CL.LC	(hh EY)(l IY)(AH s)	antepenult	0	0	1	other	-LC	H	-V	L	-VV	H	other	other	shortV	0	C	C	ah	Singleton	S	simple	other	other	noPrefix	noSuffix	 s	1	NA	NN	3	1	1	1	M	open	noCoda	simple	L	ah	M	closed	L	D	open	H	H L L	100
replace	hebe	HH IY1 B IY0	10	CL.CL	(hh IY)(b IY)	penult	0	1	other	other	-V	L	-V	L	other	other	other	other	shortV	C	C	other	iy	open	other	simple	other	other	noPrefix	noSuffix	NA	0	NA	NN	2	1	1	1	M	open	noCoda	simple	L	iy	M	open	L	nan	nan	L	L L L	10
add	helius	HH IY1 L IY0 AH0 S	100	CL.CL.LC	(hh IY)(l IY)(AH s)	antepenult	0	0	1	other	-LC	H	-V	L	-V	L	other	other	shortV	0	C	C	ah	Singleton	S	simple	other	other	noPrefix	noSuffix	 s	1	NA	NN	3	1	1	1	M	open	noCoda	simple	L	ah	M	closed	L	M	open	L	L L L	100
add	hephaestus	HH IH0 F EH1 S T AH0 S	010	CL.CL.CCLC	(hh IH)(f EH)(s t AH s)	penult	0	1	0	other	-LC	H	-V	L	-V	L	other	other	shortV	CC	C	C	ah	Singleton	S	simple	other	other	noPrefix	noSuffix	 s	1	NA	NN	3	1	1	1	M	open	mayHaveCoda	complex	L	ah	M	closed	L	M	open	L	L L L	010
add	heracles	HH EH1 R AH0 K L IY0 Z	100	CL.CL.CCLC	(hh EH)(r AH)(k l IY z)	antepenult	0	0	1	other	-LC	H	-V	L	-V	L	other	other	shortV	CC	C	C	iy	Singleton	otherSingleton	simple	other	other	noPrefix	noSuffix	 z	1	NA	NN	3	1	1	1	M	open	mayHaveCoda	complex	L	iy	M	closed	L	M	open	L	L L L	100
add	hermione	HH ER0 M AY1 AH0 N IY0	0100	CL.CT.L.CL	(hh ER)(m AY)(AH)(n IY)	antepenult	0	0	1	0	-V	L	-V	L	-VV	H	-V	L	shortV	C	0	C	iy	open	other	simple	other	other	noPrefix	noSuffix	NA	0	NA	NN	4	1	1	1	M	open	noCoda	simple	L	iy	M	open	L	D	open	H	H L L	100
add	hippodamia	HH IH2 P OW0 D AH0 M AY1 AH0	20010	CL.CT.CL.CT.L	(hh IH)(p OW)(d AH)(m AY)(AH)	penult	0	1	0	0	-V	L	-VV	H	-V	L	-VV	H	shortV	0	C	C	ah	open	other	simple	other	other	noPrefix	noSuffix	NA	0	NA	NN	5	4	2	0	D	open	noCoda	simple	H	ah	M	open	L	M	open	L	L H L	010
add	hyperesia	HH AY2 P ER0 IY1 ZH IY0 AH0	20100	CT.CL.L.CL.L	(hh AY)(p ER)(IY)(zh IY)(AH)	antepenult	0	0	1	0	-V	L	-V	L	-V	L	-V	L	shortV	0	C	0	ah	open	other	simple	other	other	noPrefix	noSuffix	NA	0	NA	NN	5	3	2	0	M	open	noCoda	simple	L	ah	M	open	L	M	open	L	L L L	100
add	hyperia	HH AY2 P IH1 R IY0 AH0	2100	CT.CL.CL.L	(hh AY)(p IH)(r IY)(AH)	antepenult	0	0	1	2	-V	L	-V	L	-V	L	-VV	H	shortV	0	C	C	ah	open	other	simple	other	other	noPrefix	noSuffix	NA	0	NA	NN	4	2	2	0	M	open	noCoda	simple	L	ah	M	open	L	M	open	L	L L L	100
add	iasion	AY0 EY1 Z IY0 AA0 N	0100	T.T.CL.LC	(AY)(EY)(z IY)(AA n)	antepenult	0	0	1	0	-LC	H	-V	L	-VV	H	-VV	H	shortV	0	C	0	aa	Singleton	otherSingleton	simple	other	other	noPrefix	noSuffix	 n	1	NA	NN	4	1	1	1	M	open	noCoda	simple	L	other	M	closed	L	D	open	H	H L L	100
add	icarius	AY0 K EH1 R IY0 AH0 S	0100	T.CL.CL.LC	(AY)(k EH)(r IY)(AH s)	antepenult	0	0	1	0	-LC	H	-V	L	-V	L	-VV	H	shortV	0	C	C	ah	Singleton	S	simple	other	other	noPrefix	noSuffix	 s	1	NA	NN	4	1	1	1	M	open	noCoda	simple	L	ah	M	closed	L	M	open	L	L L L	100
add	icmalius	IH0 K M EY1 L IY0 AH0 S	0100	LC.CT.CL.LC	(IH k)(m EY)(l IY)(AH s)	antepenult	0	0	1	0	-LC	H	-V	L	-VV	H	-LC	H	shortV	0	C	C	ah	Singleton	S	simple	other	other	noPrefix	noSuffix	 s	1	NA	NN	4	1	1	1	M	open	noCoda	simple	L	ah	M	closed	L	D	open	H	H L L	100
add	idomeneus	AY0 D AA1 M IH0 N Y UW0 S	0100	T.CL.CL.CCLC	(AY)(d AA)(m IH)(n y UW s)	antepenult	0	0	1	0	-LC	H	-V	L	-V	L	-VV	H	shortV	CC	C	C	uw	Singleton	S	simple	other	other	noPrefix	noSuffix	 s	1	NA	NN	4	1	1	1	M	open	mayHaveCoda	complex	L	other	M	closed	L	M	open	L	L L L	100
add	ilus	AY1 L AH0 S	10	T.CLC	(AY)(l AH s)	penult	0	1	other	other	-LC	H	-VV	H	other	other	other	other	shortV	C	0	other	ah	Singleton	S	simple	other	other	noPrefix	noSuffix	 s	1	NA	NN	2	1	1	1	D	open	noCoda	simple	H	ah	M	closed	L	nan	nan	L	L H L	10
add	ino	AY1 N OW0	10	T.CT	(AY)(n OW)	penult	0	1	other	other	-VV	H	-VV	H	other	other	other	other	longV	C	0	other	ow	open	other	simple	other	other	noPrefix	noSuffix	NA	0	NA	NN	2	1	1	1	D	open	noCoda	simple	H	other	D	open	H	nan	nan	L	L H H	10
add	iolcus	AY0 AA1 L K AH0 S	010	T.LC.CLC	(AY)(AA l)(k AH s)	penult	0	1	0	other	-LC	H	-LC	H	-VV	H	other	other	shortV	C	0	0	ah	Singleton	S	simple	other	other	noPrefix	noSuffix	 s	1	NA	NN	3	1	1	1	M	closed	mayHaveCoda	simple	H	ah	M	closed	L	D	open	H	H H L	010
add	iphicles	IH1 F IH0 K L IY0 Z	100	L.CL.CCLC	(IH)(f IH)(k l IY z)	antepenult	0	0	1	other	-LC	H	-V	L	-V	L	other	other	shortV	CC	C	0	iy	Singleton	otherSingleton	simple	other	other	noPrefix	noSuffix	 z	1	NA	NN	3	1	1	1	M	open	mayHaveCoda	complex	L	iy	M	closed	L	M	open	L	L L L	100
add	iphimedeia	IH2 F IY0 M EH0 D EY1 AH0	20010	L.CL.CL.CT.L	(IH)(f IY)(m EH)(d EY)(AH)	penult	0	1	0	0	-V	L	-VV	H	-V	L	-V	L	shortV	0	C	C	ah	open	other	simple	other	other	noPrefix	noSuffix	NA	0	NA	NN	5	4	2	0	D	open	noCoda	simple	H	ah	M	open	L	M	open	L	L H L	010
add	iphitus	IH1 F IH0 T AH0 S	100	L.CL.CLC	(IH)(f IH)(t AH s)	antepenult	0	0	1	other	-LC	H	-V	L	-V	L	other	other	shortV	C	C	0	ah	Singleton	S	simple	other	other	noPrefix	noSuffix	 s	1	NA	NN	3	1	1	1	M	open	noCoda	simple	L	ah	M	closed	L	M	open	L	L L L	100
add	iphthime	IH0 F TH AY1 M IY0	010	LC.CT.CL	(IH f)(th AY)(m IY)	penult	0	1	0	other	-V	L	-VV	H	-LC	H	other	other	shortV	C	C	0	iy	open	other	simple	other	other	noPrefix	noSuffix	NA	0	NA	NN	3	1	1	1	D	open	noCoda	simple	H	iy	M	open	L	M	closed	H	H H L	010
add	irus	AY1 R AH0 S	10	T.CLC	(AY)(r AH s)	penult	0	1	other	other	-LC	H	-VV	H	other	other	other	other	shortV	C	0	other	ah	Singleton	S	simple	other	other	noPrefix	noSuffix	 s	1	NA	NN	2	1	1	1	D	open	noCoda	simple	H	ah	M	closed	L	nan	nan	L	L H L	10
add	ismarus	IH1 S M AH0 R AH0 S	100	L.CCL.CLC	(IH)(s m AH)(r AH s)	antepenult	0	0	1	other	-LC	H	-V	L	-V	L	other	other	shortV	C	CC	0	ah	Singleton	S	simple	other	other	noPrefix	noSuffix	 s	1	NA	NN	3	1	1	1	M	open	noCoda	simple	L	ah	M	closed	L	M	open	L	L L L	100
add	ithacus	IH1 TH AH0 K AH0 S	100	L.CL.CLC	(IH)(th AH)(k AH s)	antepenult	0	0	1	other	-LC	H	-V	L	-V	L	other	other	shortV	C	C	0	ah	Singleton	S	simple	other	other	noPrefix	noSuffix	 s	1	NA	NN	3	1	1	1	M	open	noCoda	simple	L	ah	M	closed	L	M	open	L	L L L	100
add	itylus	IH1 T IH0 L AH0 S	100	L.CL.CLC	(IH)(t IH)(l AH s)	antepenult	0	0	1	other	-LC	H	-V	L	-V	L	other	other	shortV	C	C	0	ah	Singleton	S	simple	other	other	noPrefix	noSuffix	 s	1	NA	NN	3	1	1	1	M	open	noCoda	simple	L	ah	M	closed	L	M	open	L	L L L	100
add	jardan	JH AA1 R D AH0 N	10	CLC.CL	(jh AA r)(d AN)	penult	0	1	other	other	-V	L	-LC	H	other	other	other	other	shortV	C	C	other	an	open	other	simple	other	other	noPrefix	noSuffix	NA	0	NA	NN	2	1	1	1	M	closed	mayHaveCoda	simple	H	other	M	open	L	nan	nan	L	L H L	10
add	knossos	N AA1 S AA0 S	10	CL.CLC	(n AA)(s AA s)	penult	0	1	other	other	-LC	H	-V	L	other	other	other	other	shortV	C	C	other	aa	Singleton	S	simple	other	other	noPrefix	noSuffix	 s	1	NA	NN	2	1	1	1	M	open	noCoda	simple	L	other	M	closed	L	nan	nan	L	L L L	10
add	laerces	L EY0 ER1 S IY0 Z	010	CT.L.CLC	(l EY)(ER)(s IY z)	penult	0	1	0	other	-LC	H	-V	L	-VV	H	other	other	shortV	C	0	C	iy	Singleton	otherSingleton	simple	other	other	noPrefix	noSuffix	 z	1	NA	NN	3	1	1	1	M	open	noCoda	simple	L	iy	M	closed	L	D	open	H	H L L	010
add	laertes	L EY0 ER1 T IY0 Z	010	CT.L.CLC	(l EY)(ER)(t IY z)	penult	0	1	0	other	-LC	H	-V	L	-VV	H	other	other	shortV	C	0	C	iy	Singleton	otherSingleton	simple	other	other	noPrefix	noSuffix	 z	1	NA	NN	3	1	1	1	M	open	noCoda	simple	L	iy	M	closed	L	D	open	H	H L L	010
add	laestrygonia	L EH2 S T R IH0 G OW1 N IY0 AH0	20100	CL.CCCL.CT.CL.L	(l EH)(s t r IH)(g OW)(n IY)(AH)	antepenult	0	0	1	0	-V	L	-V	L	-VV	H	-V	L	shortV	0	C	C	ah	open	other	simple	other	other	noPrefix	noSuffix	NA	0	NA	NN	5	3	2	0	M	open	noCoda	simple	L	ah	M	open	L	D	open	H	H L L	100
add	lampetia	L AE0 M P IY1 SH AH0	010	CLC.CL.CL	(l AE m)(p IY)(sh AH)	penult	0	1	0	other	-V	L	-V	L	-LC	H	other	other	shortV	C	C	C	ah	open	other	simple	other	other	noPrefix	noSuffix	NA	0	NA	NN	3	1	1	1	M	open	noCoda	simple	L	ah	M	open	L	M	closed	H	H L L	010
add	laodamas	L EY0 AA1 D AH0 M AE0 S	0100	CT.L.CL.CLC	(l EY)(AA)(d AH)(m AE s)	antepenult	0	0	1	0	-LC	H	-V	L	-V	L	-VV	H	shortV	C	C	0	ae	Singleton	S	simple	other	other	noPrefix	noSuffix	 s	1	NA	NN	4	1	1	1	M	open	noCoda	simple	L	other	M	closed	L	M	open	L	L L L	100
add	lemnos	L EH1 M N AA0 S	10	CLC.CLC	(l EH m)(n AA s)	penult	0	1	other	other	-LC	H	-LC	H	other	other	other	other	shortV	C	C	other	aa	Singleton	S	simple	other	other	noPrefix	noSuffix	 s	1	NA	NN	2	1	1	1	M	closed	mayHaveCoda	simple	H	other	M	closed	L	nan	nan	L	L H L	10
add	leocritus	L IY0 AA1 K R IH0 T AH0 S	0100	CL.L.CCL.CLC	(l IY)(AA)(k r IH)(t AH s)	antepenult	0	0	1	0	-LC	H	-V	L	-V	L	-V	L	shortV	C	CC	0	ah	Singleton	S	simple	other	other	noPrefix	noSuffix	 s	1	NA	NN	4	1	1	1	M	open	noCoda	simple	L	ah	M	closed	L	M	open	L	L L L	100
add	leodes	L IY0 OW1 D IY0 Z	010	CL.T.CLC	(l IY)(OW)(d IY z)	penult	0	1	0	other	-LC	H	-VV	H	-V	L	other	other	shortV	C	0	C	iy	Singleton	otherSingleton	simple	other	other	noPrefix	noSuffix	 z	1	NA	NN	3	1	1	1	D	open	noCoda	simple	H	iy	M	closed	L	M	open	L	L H L	010
add	lesbos	L EH1 Z B AA0 S	10	CLC.CLC	(l EH z)(b AA s)	penult	0	1	other	other	-LC	H	-LC	H	other	other	other	other	shortV	C	C	other	aa	Singleton	S	simple	other	other	noPrefix	noSuffix	 s	1	NA	NN	2	1	1	1	M	closed	mayHaveCoda	simple	H	other	M	closed	L	nan	nan	L	L H L	10
add	maera	M IH1 R AH0	10	CL.CL	(m IH)(r AH)	penult	0	1	other	other	-V	L	-V	L	other	other	other	other	shortV	C	C	other	ah	open	other	simple	other	other	noPrefix	noSuffix	NA	0	NA	NN	2	1	1	1	M	open	noCoda	simple	L	ah	M	open	L	nan	nan	L	L L L	10
add	malea	M AH0 L IY1 AH0	010	CL.CL.L	(m AH)(l IY)(AH)	penult	0	1	0	other	-V	L	-V	L	-V	L	other	other	shortV	0	C	C	ah	open	other	simple	other	other	noPrefix	noSuffix	NA	0	NA	NN	3	1	1	1	M	open	noCoda	simple	L	ah	M	open	L	M	open	L	L L L	010
add	mantius	M AE1 N T IY0 AH0 S	100	CLC.CL.LC	(m AE n)(t IY)(AH s)	antepenult	0	0	1	other	-LC	H	-V	L	-LC	H	other	other	shortV	0	C	C	ah	Singleton	S	simple	other	other	noPrefix	noSuffix	 s	1	NA	NN	3	1	1	1	M	open	noCoda	simple	L	ah	M	closed	L	M	closed	H	H L L	100
replace	maron	M EY1 R AA0 N	10	CT.CLC	(m EY)(r AA n)	penult	0	1	other	other	-LC	H	-VV	H	other	other	other	other	shortV	C	C	other	aa	Singleton	otherSingleton	simple	other	other	noPrefix	noSuffix	 n	1	NA	NN	2	1	1	1	D	open	noCoda	simple	H	other	M	closed	L	nan	nan	L	L H L	10
add	mastor	M AE1 S T AO0 R	10	CL.CCLC	(m AE)(s t AO r)	penult	0	1	other	other	-LC	H	-V	L	other	other	other	other	shortV	CC	C	other	ao	Singleton	otherSingleton	simple	other	other	noPrefix	noSuffix	 r	1	NA	NN	2	1	1	1	M	open	mayHaveCoda	complex	L	other	M	closed	L	nan	nan	L	L L L	10
add	medon	M IY1 D AA0 N	10	CL.CLC	(m IY)(d AA n)	penult	0	1	other	other	-LC	H	-V	L	other	other	other	other	shortV	C	C	other	aa	Singleton	otherSingleton	simple	other	other	noPrefix	noSuffix	 n	1	NA	NN	2	1	1	1	M	open	noCoda	simple	L	other	M	closed	L	nan	nan	L	L L L	10
add	megapenthes	M EH2 G AH0 P EH1 N TH IY0 Z	2010	CL.CL.CLC.CLC	(m EH)(g AH)(p EH n)(th IY z)	penult	0	1	0	2	-LC	H	-LC	H	-V	L	-V	L	shortV	C	C	C	iy	Singleton	otherSingleton	simple	other	other	noPrefix	noSuffix	 z	1	NA	NN	4	3	2	0	M	closed	mayHaveCoda	simple	H	iy	M	closed	L	M	open	L	L H L	010
add	megara	M EH1 G AH0 R AH0	100	CL.CL.CL	(m EH)(g AH)(r AH)	antepenult	0	0	1	other	-V	L	-V	L	-V	L	other	other	shortV	C	C	C	ah	open	other	simple	other	other	noPrefix	noSuffix	NA	0	NA	NN	3	1	1	1	M	open	noCoda	simple	L	ah	M	open	L	M	open	L	L L L	100
add	melampus	M IH0 L AE1 M P AH0 S	010	CL.CLC.CLC	(m IH)(l AE m)(p AH s)	penult	0	1	0	other	-LC	H	-LC	H	-V	L	other	other	shortV	C	C	C	ah	Singleton	S	simple	other	other	noPrefix	noSuffix	 s	1	NA	NN	3	1	1	1	M	closed	mayHaveCoda	simple	H	ah	M	closed	L	M	open	L	L H L	010
add	melaneus	M EH2 L AH0 N Y UW1 S	201	CL.CL.CCLC	(m EH)(l AH)(n y UW s)	final	1	0	2	other	-LC	H	-V	L	-V	L	other	other	shortV	CC	C	C	uw	Singleton	S	simple	other	other	noPrefix	noSuffix	 s	1	NA	NN	3	3	2	0	M	open	mayHaveCoda	complex	L	other	M	closed	L	M	open	L	L L L	201
add	melanthius	M IH0 L AE1 N TH IY0 AH0 S	0100	CL.CLC.CL.LC	(m IH)(l AE n)(th IY)(AH s)	antepenult	0	0	1	0	-LC	H	-V	L	-LC	H	-V	L	shortV	0	C	C	ah	Singleton	S	simple	other	other	noPrefix	noSuffix	 s	1	NA	NN	4	1	1	1	M	open	noCoda	simple	L	ah	M	closed	L	M	closed	H	H L L	100
add	melantho	M IH0 L AE1 N TH OW0	010	CL.CLC.CT	(m IH)(l AE n)(th OW)	penult	0	1	0	other	-VV	H	-LC	H	-V	L	other	other	longV	C	C	C	ow	open	other	simple	other	other	noPrefix	noSuffix	NA	0	NA	NN	3	1	1	1	M	closed	mayHaveCoda	simple	H	other	D	open	H	M	open	L	L H H	010
add	menelaus	M EH2 N IH0 L EY1 AH0 S	2010	CL.CL.CT.LC	(m EH)(n IH)(l EY)(AH s)	penult	0	1	0	2	-LC	H	-VV	H	-V	L	-V	L	shortV	0	C	C	ah	Singleton	S	simple	other	other	noPrefix	noSuffix	 s	1	NA	NN	4	3	2	0	D	open	noCoda	simple	H	ah	M	closed	L	M	open	L	L H L	010
add	mentes	M EH1 N T IY0 Z	10	CLC.CLC	(m EH n)(t IY z)	penult	0	1	other	other	-LC	H	-LC	H	other	other	other	other	shortV	C	C	other	iy	Singleton	otherSingleton	simple	other	other	noPrefix	noSuffix	 z	1	NA	NN	2	1	1	1	M	closed	mayHaveCoda	simple	H	iy	M	closed	L	nan	nan	L	L H L	10
add	mesaulius	M IH0 S AO1 L IY0 AH0 S	0100	CL.CL.CL.LC	(m IH)(s AO)(l IY)(AH s)	antepenult	0	0	1	0	-LC	H	-V	L	-V	L	-V	L	shortV	0	C	C	ah	Singleton	S	simple	other	other	noPrefix	noSuffix	 s	1	NA	NN	4	1	1	1	M	open	noCoda	simple	L	ah	M	closed	L	M	open	L	L L L	100
add	messenia	M IH0 S IY1 N IY0 AH0	0100	CL.CL.CL.L	(m IH)(s IY)(n IY)(AH)	antepenult	0	0	1	0	-V	L	-V	L	-V	L	-V	L	shortV	0	C	C	ah	open	other	simple	other	other	noPrefix	noSuffix	NA	0	NA	NN	4	1	1	1	M	open	noCoda	simple	L	ah	M	open	L	M	open	L	L L L	100
add	mimas	M AY1 M AE0 S	10	CT.CLC	(m AY)(m AE s)	penult	0	1	other	other	-LC	H	-VV	H	other	other	other	other	shortV	C	C	other	ae	Singleton	S	simple	other	other	noPrefix	noSuffix	 s	1	NA	NN	2	1	1	1	D	open	noCoda	simple	H	other	M	closed	L	nan	nan	L	L H L	10
add	minos	M AY1 N AA0 S	10	CT.CLC	(m AY)(n AA s)	penult	0	1	other	other	-LC	H	-VV	H	other	other	other	other	shortV	C	C	other	aa	Singleton	S	simple	other	other	noPrefix	noSuffix	 s	1	NA	NN	2	1	1	1	D	open	noCoda	simple	H	other	M	closed	L	nan	nan	L	L H L	10
add	minyans	M IH1 N IY0 AH0 N Z	100	CL.CL.LC	(m IH)(n IY)(AN z)	antepenult	0	0	1	other	-LC	H	-V	L	-V	L	other	other	shortV	0	C	C	an	Singleton	otherSingleton	simple	other	other	noPrefix	noSuffix	 z	1	NA	NNS	3	1	1	1	M	open	noCoda	simple	L	other	M	closed	L	M	open	L	L L L	100
add	moulius	M UW1 L IY0 AH0 S	100	CL.CL.LC	(m UW)(l IY)(AH s)	antepenult	0	0	1	other	-LC	H	-V	L	-V	L	other	other	shortV	0	C	C	ah	Singleton	S	simple	other	other	noPrefix	noSuffix	 s	1	NA	NN	3	1	1	1	M	open	noCoda	simple	L	ah	M	closed	L	M	open	L	L L L	100
add	mycenae	M AY0 S IY1 N IY0	010	CT.CL.CL	(m AY)(s IY)(n IY)	penult	0	1	0	other	-V	L	-V	L	-VV	H	other	other	shortV	C	C	C	iy	open	other	simple	other	other	noPrefix	noSuffix	NA	0	NA	NN	3	1	1	1	M	open	noCoda	simple	L	iy	M	open	L	D	open	H	H L L	010
add	mycene	M AY0 S IY1 N IY0	010	CT.CL.CL	(m AY)(s IY)(n IY)	penult	0	1	0	other	-V	L	-V	L	-VV	H	other	other	shortV	C	C	C	iy	open	other	simple	other	other	noPrefix	noSuffix	NA	0	NA	NN	3	1	1	1	M	open	noCoda	simple	L	iy	M	open	L	D	open	H	H L L	010
add	naubolus	N AO1 B AH0 L AH0 S	100	CL.CL.CLC	(n AO)(b AH)(l AH s)	antepenult	0	0	1	other	-LC	H	-V	L	-V	L	other	other	shortV	C	C	C	ah	Singleton	S	simple	other	other	noPrefix	noSuffix	 s	1	NA	NN	3	1	1	1	M	open	noCoda	simple	L	ah	M	closed	L	M	open	L	L L L	100
add	nausicaa	N AO0 S IH1 K EY0 AH0	0100	CL.CL.CT.L	(n AO)(s IH)(k EY)(AH)	antepenult	0	0	1	0	-V	L	-VV	H	-V	L	-V	L	shortV	0	C	C	ah	open	other	simple	other	other	noPrefix	noSuffix	NA	0	NA	NN	4	1	1	1	D	open	noCoda	simple	H	ah	M	open	L	M	open	L	L H L	100
add	nausithous	N AO0 S IH1 TH OW0 AH0 S	0100	CL.CL.CT.LC	(n AO)(s IH)(th OW)(AH s)	antepenult	0	0	1	0	-LC	H	-VV	H	-V	L	-V	L	shortV	0	C	C	ah	Singleton	S	simple	other	other	noPrefix	noSuffix	 s	1	NA	NN	4	1	1	1	D	open	noCoda	simple	H	ah	M	closed	L	M	open	L	L H L	100
add	nauteus	N AO1 T IY0 AH0 S	100	CL.CL.LC	(n AO)(t IY)(AH s)	antepenult	0	0	1	other	-LC	H	-V	L	-V	L	other	other	shortV	0	C	C	ah	Singleton	S	simple	other	other	noPrefix	noSuffix	 s	1	NA	NN	3	1	1	1	M	open	noCoda	simple	L	ah	M	closed	L	M	open	L	L L L	100
add	neaira	N IY0 IY1 R AH0	010	CL.L.CL	(n IY)(IY)(r AH)	penult	0	1	0	other	-V	L	-V	L	-V	L	other	other	shortV	C	0	C	ah	open	other	simple	other	other	noPrefix	noSuffix	NA	0	NA	NN	3	1	1	1	M	open	noCoda	simple	L	ah	M	open	L	M	open	L	L L L	010
add	neion	N IY1 AA0 N	10	CL.LC	(n IY)(AA n)	penult	0	1	other	other	-LC	H	-V	L	other	other	other	other	shortV	0	C	other	aa	Singleton	otherSingleton	simple	other	other	noPrefix	noSuffix	 n	1	NA	NN	2	1	1	1	M	open	noCoda	simple	L	other	M	closed	L	nan	nan	L	L L L	10
add	neleus	N IY1 L Y UW0 S	10	CL.CCLC	(n IY)(l y UW s)	penult	0	1	other	other	-LC	H	-V	L	other	other	other	other	shortV	CC	C	other	uw	Singleton	S	simple	other	other	noPrefix	noSuffix	 s	1	NA	NN	2	1	1	1	M	open	mayHaveCoda	complex	L	other	M	closed	L	nan	nan	L	L L L	10
add	neoptolemus	N IY2 AH0 P T AA1 L IH0 M AH0 S	20100	CL.LC.CL.CL.CLC	(n IY)(AH p)(t AA)(l IH)(m AH s)	antepenult	0	0	1	0	-LC	H	-V	L	-V	L	-LC	H	shortV	C	C	C	ah	Singleton	S	simple	other	other	noPrefix	noSuffix	 s	1	NA	NN	5	3	2	0	M	open	noCoda	simple	L	ah	M	closed	L	M	open	L	L L L	100
add	nereids	N IH1 R IY0 IH0 D Z	100	CL.CL.LCC	(n IH)(r IY)(IH d z)	antepenult	0	0	1	other	-LCC	H	-V	L	-V	L	other	other	shortV	0	C	C	ih	Cluster	otherCluster	simple	other	other	noPrefix	noSuffix	 d z	2	NA	NNS	3	1	1	1	M	open	noCoda	simple	L	ah	M	cluster	H	M	open	L	L L H	100
add	neriton	N EH1 R IH0 T AA0 N	100	CL.CL.CLC	(n EH)(r IH)(t AA n)	antepenult	0	0	1	other	-LC	H	-V	L	-V	L	other	other	shortV	C	C	C	aa	Singleton	otherSingleton	simple	other	other	noPrefix	noSuffix	 n	1	NA	NN	3	1	1	1	M	open	noCoda	simple	L	other	M	closed	L	M	open	L	L L L	100
add	neritus	N EH1 R IH0 T AH0 S	100	CL.CL.CLC	(n EH)(r IH)(t AH s)	antepenult	0	0	1	other	-LC	H	-V	L	-V	L	other	other	shortV	C	C	C	ah	Singleton	S	simple	other	other	noPrefix	noSuffix	 s	1	NA	NN	3	1	1	1	M	open	noCoda	simple	L	ah	M	closed	L	M	open	L	L L L	100
add	nisus	N AY1 S AH0 S	10	CT.CLC	(n AY)(s AH s)	penult	0	1	other	other	-LC	H	-VV	H	other	other	other	other	shortV	C	C	other	ah	Singleton	S	simple	other	other	noPrefix	noSuffix	 s	1	NA	NN	2	1	1	1	D	open	noCoda	simple	H	ah	M	closed	L	nan	nan	L	L H L	10
add	noemon	N OW0 IY1 M AA0 N	010	CT.L.CLC	(n OW)(IY)(m AA n)	penult	0	1	0	other	-LC	H	-V	L	-VV	H	other	other	shortV	C	0	C	aa	Singleton	otherSingleton	simple	other	other	noPrefix	noSuffix	 n	1	NA	NN	3	1	1	1	M	open	noCoda	simple	L	other	M	closed	L	D	open	H	H L L	010
add	notus	N OW1 T AH0 S	10	CT.CLC	(n OW)(t AH s)	penult	0	1	other	other	-LC	H	-VV	H	other	other	other	other	shortV	C	C	other	ah	Singleton	S	simple	other	other	noPrefix	noSuffix	 s	1	NA	NN	2	1	1	1	D	open	noCoda	simple	H	ah	M	closed	L	nan	nan	L	L H L	10
add	ocyalus	AA0 S IH1 AH0 L AH0 S	0100	L.CL.L.CLC	(AA)(s IH)(AH)(l AH s)	antepenult	0	0	1	0	-LC	H	-V	L	-V	L	-V	L	shortV	C	0	C	ah	Singleton	S	simple	other	other	noPrefix	noSuffix	 s	1	NA	NN	4	1	1	1	M	open	noCoda	simple	L	ah	M	closed	L	M	open	L	L L L	100
add	ogygia	OW0 JH IH1 JH IY0 AH0	0100	T.CL.CL.L	(OW)(jh IH)(jh IY)(AH)	antepenult	0	0	1	0	-V	L	-V	L	-V	L	-VV	H	shortV	0	C	C	ah	open	other	simple	other	other	noPrefix	noSuffix	NA	0	NA	NN	4	1	1	1	M	open	noCoda	simple	L	ah	M	open	L	M	open	L	L L L	100
add	oicles	OW0 IH1 K L IY0 Z	010	T.L.CCLC	(OW)(IH)(k l IY z)	penult	0	1	0	other	-LC	H	-V	L	-VV	H	other	other	shortV	CC	0	0	iy	Singleton	otherSingleton	simple	other	other	noPrefix	noSuffix	 z	1	NA	NN	3	1	1	1	M	open	mayHaveCoda	complex	L	iy	M	closed	L	D	open	H	H L L	010
add	orchomenus	AO0 R K AA1 M IH0 N AH0 S	0100	LC.CL.CL.CLC	(AO r)(k AA)(m IH)(n AH s)	antepenult	0	0	1	0	-LC	H	-V	L	-V	L	-LC	H	shortV	C	C	C	ah	Singleton	S	simple	other	other	noPrefix	noSuffix	 s	1	NA	NN	4	1	1	1	M	open	noCoda	simple	L	ah	M	closed	L	M	open	L	L L L	100
add	orsilochus	AO0 R S IH1 L AH0 K AH0 S	0100	LC.CL.CL.CLC	(AO r)(s IH)(l AH)(k AH s)	antepenult	0	0	1	0	-LC	H	-V	L	-V	L	-LC	H	shortV	C	C	C	ah	Singleton	S	simple	other	other	noPrefix	noSuffix	 s	1	NA	NN	4	1	1	1	M	open	noCoda	simple	L	ah	M	closed	L	M	open	L	L L L	100
add	ortilochus	AO0 R T IH1 L AH0 K AH0 S	0100	LC.CL.CL.CLC	(AO r)(t IH)(l AH)(k AH s)	antepenult	0	0	1	0	-LC	H	-V	L	-V	L	-LC	H	shortV	C	C	C	ah	Singleton	S	simple	other	other	noPrefix	noSuffix	 s	1	NA	NN	4	1	1	1	M	open	noCoda	simple	L	ah	M	closed	L	M	open	L	L L L	100
add	ortygia	AO0 R T IH1 JH IY0 AH0	0100	LC.CL.CL.L	(AO r)(t IH)(jh IY)(AH)	antepenult	0	0	1	0	-V	L	-V	L	-V	L	-LC	H	shortV	0	C	C	ah	open	other	simple	other	other	noPrefix	noSuffix	NA	0	NA	NN	4	1	1	1	M	open	noCoda	simple	L	ah	M	open	L	M	open	L	L L L	100
add	otus	OW1 T AH0 S	10	T.CLC	(OW)(t AH s)	penult	0	1	other	other	-LC	H	-VV	H	other	other	other	other	shortV	C	0	other	ah	Singleton	S	simple	other	other	noPrefix	noSuffix	 s	1	NA	NN	2	1	1	1	D	open	noCoda	simple	H	ah	M	closed	L	nan	nan	L	L H L	10
add	pandareus	P AE0 N D EH1 R IY0 AH0 S	0100	CLC.CL.CL.LC	(p AE n)(d EH)(r IY)(AH s)	antepenult	0	0	1	0	-LC	H	-V	L	-V	L	-LC	H	shortV	0	C	C	ah	Singleton	S	simple	other	other	noPrefix	noSuffix	 s	1	NA	NN	4	1	1	1	M	open	noCoda	simple	L	ah	M	closed	L	M	open	L	L L L	100
add	panopeus	P AE0 N OW1 P Y UW0 S	010	CL.CT.CCLC	(p AE)(n OW)(p y UW s)	penult	0	1	0	other	-LC	H	-VV	H	-V	L	other	other	shortV	CC	C	C	uw	Singleton	S	simple	other	other	noPrefix	noSuffix	 s	1	NA	NN	3	1	1	1	D	open	mayHaveCoda	complex	H	other	M	closed	L	M	open	L	L H L	010
add	paphos	P EY1 F AA0 S	10	CT.CLC	(p EY)(f AA s)	penult	0	1	other	other	-LC	H	-VV	H	other	other	other	other	shortV	C	C	other	aa	Singleton	S	simple	other	other	noPrefix	noSuffix	 s	1	NA	NN	2	1	1	1	D	open	noCoda	simple	H	other	M	closed	L	nan	nan	L	L H L	10
add	patroclus	P AH0 T R OW1 K L AH0 S	010	CL.CCT.CCLC	(p AH)(t r OW)(k l AH s)	penult	0	1	0	other	-LC	H	-VV	H	-V	L	other	other	shortV	CC	CC	C	ah	Singleton	S	simple	other	other	noPrefix	noSuffix	 s	1	NA	NN	3	1	1	1	D	open	mayHaveCoda	complex	H	ah	M	closed	L	M	open	L	L H L	010
add	pelasgians	P IH0 L AE1 Z JH IY0 AH0 N Z	0100	CL.CLC.CL.LC	(p IH)(l AE z)(jh IY)(AN z)	antepenult	0	0	1	0	-LC	H	-V	L	-LC	H	-V	L	shortV	0	C	C	an	Singleton	otherSingleton	simple	other	other	noPrefix	noSuffix	 z	1	NA	NNS	4	1	1	1	M	open	noCoda	simple	L	other	M	closed	L	M	closed	H	H L L	100
add	peleus	P IY1 L Y UW0 S	10	CL.CCLC	(p IY)(l y UW s)	penult	0	1	other	other	-LC	H	-V	L	other	other	other	other	shortV	CC	C	other	uw	Singleton	S	simple	other	other	noPrefix	noSuffix	 s	1	NA	NN	2	1	1	1	M	open	mayHaveCoda	complex	L	other	M	closed	L	nan	nan	L	L L L	10
add	pelias	P IY1 L IY0 AE0 S	100	CL.CL.LC	(p IY)(l IY)(AE s)	antepenult	0	0	1	other	-LC	H	-V	L	-V	L	other	other	shortV	0	C	C	ae	Singleton	S	simple	other	other	noPrefix	noSuffix	 s	1	NA	NN	3	1	1	1	M	open	noCoda	simple	L	other	M	closed	L	M	open	L	L L L	100
add	pelion	P IY1 L IY0 AA0 N	100	CL.CL.LC	(p IY)(l IY)(AA n)	antepenult	0	0	1	other	-LC	H	-V	L	-V	L	other	other	shortV	0	C	C	aa	Singleton	otherSingleton	simple	other	other	noPrefix	noSuffix	 n	1	NA	NN	3	1	1	1	M	open	noCoda	simple	L	other	M	closed	L	M	open	L	L L L	100
add	periboea	P EH2 R IH0 B IY1 AH0	2010	CL.CL.CL.L	(p EH)(r IH)(b IY)(AH)	penult	0	1	0	2	-V	L	-V	L	-V	L	-V	L	shortV	0	C	C	ah	open	other	simple	other	other	noPrefix	noSuffix	NA	0	NA	NN	4	3	2	0	M	open	noCoda	simple	L	ah	M	open	L	M	open	L	L L L	010
add	periclymenus	P EH2 R IH0 K L IH1 M IH0 N AH0 S	20100	CL.CL.CCL.CL.CLC	(p EH)(r IH)(k l IH)(m IH)(n AH s)	antepenult	0	0	1	0	-LC	H	-V	L	-V	L	-V	L	shortV	C	C	CC	ah	Singleton	S	simple	other	other	noPrefix	noSuffix	 s	1	NA	NN	5	3	2	0	M	open	noCoda	simple	L	ah	M	closed	L	M	open	L	L L L	100
add	perimedes	P EH2 R IH0 M IY1 D IY0 Z	2010	CL.CL.CL.CLC	(p EH)(r IH)(m IY)(d IY z)	penult	0	1	0	2	-LC	H	-V	L	-V	L	-V	L	shortV	C	C	C	iy	Singleton	otherSingleton	simple	other	other	noPrefix	noSuffix	 z	1	NA	NN	4	3	2	0	M	open	noCoda	simple	L	iy	M	closed	L	M	open	L	L L L	010
add-before	perse	P ER1 S IY0	10	CL.CL	(p ER)(s IY)	penult	0	1	other	other	-V	L	-V	L	other	other	other	other	shortV	C	C	other	iy	open	other	simple	other	other	noPrefix	noSuffix	NA	0	NA	NN	2	1	1	1	M	open	noCoda	simple	L	iy	M	open	L	nan	nan	L	L L L	10
add	persephone	P ER0 S EH1 F AH0 N IY0	0100	CL.CL.CL.CL	(p ER)(s EH)(f AH)(n IY)	antepenult	0	0	1	0	-V	L	-V	L	-V	L	-V	L	shortV	C	C	C	iy	open	other	simple	other	other	noPrefix	noSuffix	NA	0	NA	NN	4	1	1	1	M	open	noCoda	simple	L	iy	M	open	L	M	open	L	L L L	100
add	phaea	F IY1 AH0	10	CL.L	(f IY)(AH)	penult	0	1	other	other	-V	L	-V	L	other	other	other	other	shortV	0	C	other	ah	open	other	simple	other	other	noPrefix	noSuffix	NA	0	NA	NN	2	1	1	1	M	open	noCoda	simple	L	ah	M	open	L	nan	nan	L	L L L	10
add	phaeacians	F IY0 EY1 SH AH0 N Z	010	CL.T.CLC	(f IY)(EY)(sh AN z)	penult	0	1	0	other	-LC	H	-VV	H	-V	L	other	other	shortV	C	0	C	an	Singleton	otherSingleton	simple	other	other	noPrefix	noSuffix	 z	1	NA	NNS	3	1	1	1	D	open	noCoda	simple	H	other	M	closed	L	M	open	L	L H L	010
add	phaedimus	F EH1 D IH0 M AH0 S	100	CL.CL.CLC	(f EH)(d IH)(m AH s)	antepenult	0	0	1	other	-LC	H	-V	L	-V	L	other	other	shortV	C	C	C	ah	Singleton	S	simple	other	other	noPrefix	noSuffix	 s	1	NA	NN	3	1	1	1	M	open	noCoda	simple	L	ah	M	closed	L	M	open	L	L L L	100
add	phaedra	F IY1 D R AH0	10	CL.CCL	(f IY)(d r AH)	penult	0	1	other	other	-V	L	-V	L	other	other	other	other	shortV	CC	C	other	ah	open	other	simple	other	other	noPrefix	noSuffix	NA	0	NA	NN	2	1	1	1	M	open	mayHaveCoda	complex	L	ah	M	open	L	nan	nan	L	L L L	10
add	phaestus	F EH1 S T AH0 S	10	CL.CCLC	(f EH)(s t AH s)	penult	0	1	other	other	-LC	H	-V	L	other	other	other	other	shortV	CC	C	other	ah	Singleton	S	simple	other	other	noPrefix	noSuffix	 s	1	NA	NN	2	1	1	1	M	open	mayHaveCoda	complex	L	ah	M	closed	L	nan	nan	L	L L L	10
add	phaethousa	F EY2 AH0 TH UW1 Z AH0	2010	CT.L.CL.CL	(f EY)(AH)(th UW)(z AH)	penult	0	1	0	2	-V	L	-V	L	-V	L	-VV	H	shortV	C	C	0	ah	open	other	simple	other	other	noPrefix	noSuffix	NA	0	NA	NN	4	3	2	0	M	open	noCoda	simple	L	ah	M	open	L	M	open	L	L L L	010
add	pheidon	F AY1 D AA0 N	10	CT.CLC	(f AY)(d AA n)	penult	0	1	other	other	-LC	H	-VV	H	other	other	other	other	shortV	C	C	other	aa	Singleton	otherSingleton	simple	other	other	noPrefix	noSuffix	 n	1	NA	NN	2	1	1	1	D	open	noCoda	simple	H	other	M	closed	L	nan	nan	L	L H L	10
add	phemius	F IY1 M IY0 AH0 S	100	CL.CL.LC	(f IY)(m IY)(AH s)	antepenult	0	0	1	other	-LC	H	-V	L	-V	L	other	other	shortV	0	C	C	ah	Singleton	S	simple	other	other	noPrefix	noSuffix	 s	1	NA	NN	3	1	1	1	M	open	noCoda	simple	L	ah	M	closed	L	M	open	L	L L L	100
add	pherae	F IY1 R IY0	10	CL.CL	(f IY)(r IY)	penult	0	1	other	other	-V	L	-V	L	other	other	other	other	shortV	C	C	other	iy	open	other	simple	other	other	noPrefix	noSuffix	NA	0	NA	NN	2	1	1	1	M	open	noCoda	simple	L	iy	M	open	L	nan	nan	L	L L L	10
add	pheres	F IY1 R IY0 Z	10	CL.CLC	(f IY)(r IY z)	penult	0	1	other	other	-LC	H	-V	L	other	other	other	other	shortV	C	C	other	iy	Singleton	otherSingleton	simple	other	other	noPrefix	noSuffix	 z	1	NA	NN	2	1	1	1	M	open	noCoda	simple	L	iy	M	closed	L	nan	nan	L	L L L	10
add	philoctetes	F IH2 L AH0 K T IY1 T IY0 Z	2010	CL.CLC.CL.CLC	(f IH)(l AH k)(t IY)(t IY z)	penult	0	1	0	2	-LC	H	-V	L	-LC	H	-V	L	shortV	C	C	C	iy	Singleton	otherSingleton	simple	other	other	noPrefix	noSuffix	 z	1	NA	NN	4	3	2	0	M	open	noCoda	simple	L	iy	M	closed	L	M	closed	H	H L L	010
add	philoetius	F IH0 L IY1 SH IY0 AH0 S	0100	CL.CL.CL.LC	(f IH)(l IY)(sh IY)(AH s)	antepenult	0	0	1	0	-LC	H	-V	L	-V	L	-V	L	shortV	0	C	C	ah	Singleton	S	simple	other	other	noPrefix	noSuffix	 s	1	NA	NN	4	1	1	1	M	open	noCoda	simple	L	ah	M	closed	L	M	open	L	L L L	100
add	philomeleides	F IH2 L OW0 M IY0 L AY1 D IY0 Z	20010	CL.CT.CL.CT.CLC	(f IH)(l OW)(m IY)(l AY)(d IY z)	penult	0	1	0	0	-LC	H	-VV	H	-V	L	-VV	H	shortV	C	C	C	iy	Singleton	otherSingleton	simple	other	other	noPrefix	noSuffix	 z	1	NA	NN	5	4	2	0	D	open	noCoda	simple	H	iy	M	closed	L	M	open	L	L H L	010
add	phorcys	F AO1 R S IH0 S	10	CLC.CLC	(f AO r)(s IH s)	penult	0	1	other	other	-LC	H	-LC	H	other	other	other	other	shortV	C	C	other	ih	Singleton	S	simple	other	other	noPrefix	noSuffix	 s	1	NA	NN	2	1	1	1	M	closed	mayHaveCoda	simple	H	ah	M	closed	L	nan	nan	L	L H L	10
add	phronius	F R OW1 N IY0 AH0 S	100	CCT.CL.LC	(f r OW)(n IY)(AH s)	antepenult	0	0	1	other	-LC	H	-V	L	-VV	H	other	other	shortV	0	C	CC	ah	Singleton	S	simple	other	other	noPrefix	noSuffix	 s	1	NA	NN	3	1	1	1	M	open	noCoda	simple	L	ah	M	closed	L	D	open	H	H L L	100
add	phrontis	F R AA1 N T IH0 S	10	CCLC.CLC	(f r AA n)(t IH s)	penult	0	1	other	other	-LC	H	-LC	H	other	other	other	other	shortV	C	CC	other	ih	Singleton	S	simple	other	other	noPrefix	noSuffix	 s	1	NA	NN	2	1	1	1	M	closed	mayHaveCoda	simple	H	ah	M	closed	L	nan	nan	L	L H L	10
add	phthia	TH AY1 AH0	10	CT.L	(th AY)(AH)	penult	0	1	other	other	-V	L	-VV	H	other	other	other	other	shortV	0	C	other	ah	open	other	simple	other	other	noPrefix	noSuffix	NA	0	NA	NN	2	1	1	1	D	open	noCoda	simple	H	ah	M	open	L	nan	nan	L	L H L	10
add	phylace	F IH1 L AH0 S IY0	100	CL.CL.CL	(f IH)(l AH)(s IY)	antepenult	0	0	1	other	-V	L	-V	L	-V	L	other	other	shortV	C	C	C	iy	open	other	simple	other	other	noPrefix	noSuffix	NA	0	NA	NN	3	1	1	1	M	open	noCoda	simple	L	iy	M	open	L	M	open	L	L L L	100
add	phylacus	F IH1 L AH0 K AH0 S	100	CL.CL.CLC	(f IH)(l AH)(k AH s)	antepenult	0	0	1	other	-LC	H	-V	L	-V	L	other	other	shortV	C	C	C	ah	Singleton	S	simple	other	other	noPrefix	noSuffix	 s	1	NA	NN	3	1	1	1	M	open	noCoda	simple	L	ah	M	closed	L	M	open	L	L L L	100
add	phylo	F AY1 L OW0	10	CT.CT	(f AY)(l OW)	penult	0	1	other	other	-VV	H	-VV	H	other	other	other	other	longV	C	C	other	ow	open	other	simple	other	other	noPrefix	noSuffix	NA	0	NA	NN	2	1	1	1	D	open	noCoda	simple	H	other	D	open	H	nan	nan	L	L H H	10
add	pieria	P AY0 IH1 R IY0 AH0	0100	CT.L.CL.L	(p AY)(IH)(r IY)(AH)	antepenult	0	0	1	0	-V	L	-V	L	-V	L	-VV	H	shortV	0	C	0	ah	open	other	simple	other	other	noPrefix	noSuffix	NA	0	NA	NN	4	1	1	1	M	open	noCoda	simple	L	ah	M	open	L	M	open	L	L L L	100
add	pirithous	P AY0 R IH1 TH OW0 AH0 S	0100	CT.CL.CT.LC	(p AY)(r IH)(th OW)(AH s)	antepenult	0	0	1	0	-LC	H	-VV	H	-V	L	-VV	H	shortV	0	C	C	ah	Singleton	S	simple	other	other	noPrefix	noSuffix	 s	1	NA	NN	4	1	1	1	D	open	noCoda	simple	H	ah	M	closed	L	M	open	L	L H L	100
add	pisander	P AY0 S AE1 N D ER0	010	CT.CLC.CL	(p AY)(s AE n)(d ER)	penult	0	1	0	other	-V	L	-LC	H	-VV	H	other	other	shortV	C	C	C	er	open	other	simple	other	other	noPrefix	noSuffix	NA	0	NA	NN	3	1	1	1	M	closed	mayHaveCoda	simple	H	other	M	open	L	D	open	H	H H L	010
add	pisenor	P AY0 S IY1 N AO0 R	010	CT.CL.CLC	(p AY)(s IY)(n AO r)	penult	0	1	0	other	-LC	H	-V	L	-VV	H	other	other	shortV	C	C	C	ao	Singleton	otherSingleton	simple	other	other	noPrefix	noSuffix	 r	1	NA	NN	3	1	1	1	M	open	noCoda	simple	L	other	M	closed	L	D	open	H	H L L	010
add	pisistratus	P AY0 S IH1 S T R AH0 T AH0 S	0100	CT.CL.CCCL.CLC	(p AY)(s IH)(s t r AH)(t AH s)	antepenult	0	0	1	0	-LC	H	-V	L	-V	L	-VV	H	shortV	C	CCC	C	ah	Singleton	S	simple	other	other	noPrefix	noSuffix	 s	1	NA	NN	4	1	1	1	M	open	noCoda	simple	L	ah	M	closed	L	M	open	L	L L L	100
replace	polites	P AH0 L AY1 T IY0 Z	010	CL.CT.CLC	(p AH)(l AY)(t IY z)	penult	0	1	0	other	-LC	H	-VV	H	-V	L	other	other	shortV	C	C	C	iy	Singleton	otherSingleton	simple	other	other	noPrefix	noSuffix	 z	1	NA	NN	3	1	1	1	D	open	noCoda	simple	H	iy	M	closed	L	M	open	L	L H L	010
add	polybus	P AA1 L IH0 B AH0 S	100	CL.CL.CLC	(p AA)(l IH)(b AH s)	antepenult	0	0	1	other	-LC	H	-V	L	-V	L	other	other	shortV	C	C	C	ah	Singleton	S	simple	other	other	noPrefix	noSuffix	 s	1	NA	NN	3	1	1	1	M	open	noCoda	simple	L	ah	M	closed	L	M	open	L	L L L	100
add	polycaste	P AA2 L IY0 K AE1 S T IY0	2010	CL.CL.CL.CCL	(p AA)(l IY)(k AE)(s t IY)	penult	0	1	0	2	-V	L	-V	L	-V	L	-V	L	shortV	CC	C	C	iy	open	other	simple	other	other	noPrefix	noSuffix	NA	0	NA	NN	4	3	2	0	M	open	mayHaveCoda	complex	L	iy	M	open	L	M	open	L	L L L	010
add	polyctor	P AH0 L IH1 K T AO0 R	010	CL.CLC.CLC	(p AH)(l IH k)(t AO r)	penult	0	1	0	other	-LC	H	-LC	H	-V	L	other	other	shortV	C	C	C	ao	Singleton	otherSingleton	simple	other	other	noPrefix	noSuffix	 r	1	NA	NN	3	1	1	1	M	closed	mayHaveCoda	simple	H	other	M	closed	L	M	open	L	L H L	010
add	polydamna	P AA2 L IY0 D AE1 M N AH0	2010	CL.CL.CLC.CL	(p AA)(l IY)(d AE m)(n AH)	penult	0	1	0	2	-V	L	-LC	H	-V	L	-V	L	shortV	C	C	C	ah	open	other	simple	other	other	noPrefix	noSuffix	NA	0	NA	NN	4	3	2	0	M	closed	mayHaveCoda	simple	H	ah	M	open	L	M	open	L	L H L	010
add	polydeuces	P AA2 L IY0 D Y UW1 S IY0 Z	2010	CL.CL.CCL.CLC	(p AA)(l IY)(d y UW)(s IY z)	penult	0	1	0	2	-LC	H	-V	L	-V	L	-V	L	shortV	C	CC	C	iy	Singleton	otherSingleton	simple	other	other	noPrefix	noSuffix	 z	1	NA	NN	4	3	2	0	M	open	noCoda	simple	L	iy	M	closed	L	M	open	L	L L L	010
add	polynaus	P AA2 L IY0 N EY1 AH0 S	2010	CL.CL.CT.LC	(p AA)(l IY)(n EY)(AH s)	penult	0	1	0	2	-LC	H	-VV	H	-V	L	-V	L	shortV	0	C	C	ah	Singleton	S	simple	other	other	noPrefix	noSuffix	 s	1	NA	NN	4	3	2	0	D	open	noCoda	simple	H	ah	M	closed	L	M	open	L	L H L	010
add	polypemon	P AA2 L IY0 P IY1 M AA0 N	2010	CL.CL.CL.CLC	(p AA)(l IY)(p IY)(m AA n)	penult	0	1	0	2	-LC	H	-V	L	-V	L	-V	L	shortV	C	C	C	aa	Singleton	otherSingleton	simple	other	other	noPrefix	noSuffix	 n	1	NA	NN	4	3	2	0	M	open	noCoda	simple	L	other	M	closed	L	M	open	L	L L L	010
add	polypheides	P AA2 L IY0 F AY1 D IY0 Z	2010	CL.CL.CT.CLC	(p AA)(l IY)(f AY)(d IY z)	penult	0	1	0	2	-LC	H	-VV	H	-V	L	-V	L	shortV	C	C	C	iy	Singleton	otherSingleton	simple	other	other	noPrefix	noSuffix	 z	1	NA	NN	4	3	2	0	D	open	noCoda	simple	H	iy	M	closed	L	M	open	L	L H L	010
add	polyphemus	P AA2 L IH0 F IY1 M AH0 S	2010	CL.CL.CL.CLC	(p AA)(l IH)(f IY)(m AH s)	penult	0	1	0	2	-LC	H	-V	L	-V	L	-V	L	shortV	C	C	C	ah	Singleton	S	simple	other	other	noPrefix	noSuffix	 s	1	NA	NN	4	3	2	0	M	open	noCoda	simple	L	ah	M	closed	L	M	open	L	L L L	010
add	ponteus	P AA1 N T IY0 AH0 S	100	CLC.CL.LC	(p AA n)(t IY)(AH s)	antepenult	0	0	1	other	-LC	H	-V	L	-LC	H	other	other	shortV	0	C	C	ah	Singleton	S	simple	other	other	noPrefix	noSuffix	 s	1	NA	NN	3	1	1	1	M	open	noCoda	simple	L	ah	M	closed	L	M	closed	H	H L L	100
add	pontonous	P AA0 N T AA1 N OW0 AH0 S	0100	CLC.CL.CT.LC	(p AA n)(t AA)(n OW)(AH s)	antepenult	0	0	1	0	-LC	H	-VV	H	-V	L	-LC	H	shortV	0	C	C	ah	Singleton	S	simple	other	other	noPrefix	noSuffix	 s	1	NA	NN	4	1	1	1	D	open	noCoda	simple	H	ah	M	closed	L	M	open	L	L H L	100
add	procris	P R OW1 K R IH0 S	10	CCT.CCLC	(p r OW)(k r IH s)	penult	0	1	other	other	-LC	H	-VV	H	other	other	other	other	shortV	CC	CC	other	ih	Singleton	S	simple	other	other	noPrefix	noSuffix	 s	1	NA	NN	2	1	1	1	D	open	mayHaveCoda	complex	H	ah	M	closed	L	nan	nan	L	L H L	10
add	proteus	P R OW1 T Y UW0 S	10	CCT.CCLC	(p r OW)(t y UW s)	penult	0	1	other	other	-LC	H	-VV	H	other	other	other	other	shortV	CC	CC	other	uw	Singleton	S	simple	other	other	noPrefix	noSuffix	 s	1	NA	NN	2	1	1	1	D	open	mayHaveCoda	complex	H	other	M	closed	L	nan	nan	L	L H L	10
add	prymneus	P R IH1 M N Y UW0 S	10	CCLC.CCLC	(p r IH m)(n y UW s)	penult	0	1	other	other	-LC	H	-LC	H	other	other	other	other	shortV	CC	CC	other	uw	Singleton	S	simple	other	other	noPrefix	noSuffix	 s	1	NA	NN	2	1	1	1	M	closed	mayHaveCoda	complex	H	other	M	closed	L	nan	nan	L	L H L	10
add	psara	S AA1 R AH0	10	CL.CL	(s AA)(r AH)	penult	0	1	other	other	-V	L	-V	L	other	other	other	other	shortV	C	C	other	ah	open	other	simple	other	other	noPrefix	noSuffix	NA	0	NA	NN	2	1	1	1	M	open	noCoda	simple	L	ah	M	open	L	nan	nan	L	L L L	10
add	pyriphlegethon	P IH2 R IH0 F L EH1 JH AH0 TH AA0 N	20100	CL.CL.CCL.CL.CLC	(p IH)(r IH)(f l EH)(jh AH)(th AA n)	antepenult	0	0	1	0	-LC	H	-V	L	-V	L	-V	L	shortV	C	C	CC	aa	Singleton	otherSingleton	simple	other	other	noPrefix	noSuffix	 n	1	NA	NN	5	3	2	0	M	open	noCoda	simple	L	other	M	closed	L	M	open	L	L L L	100
add	pytho	P AY1 TH OW0	10	CT.CT	(p AY)(th OW)	penult	0	1	other	other	-VV	H	-VV	H	other	other	other	other	longV	C	C	other	ow	open	other	simple	other	other	noPrefix	noSuffix	NA	0	NA	NN	2	1	1	1	D	open	noCoda	simple	H	other	D	open	H	nan	nan	L	L H H	10
add	rhadamanthus	R AE2 D AH0 M AE1 N TH AH0 S	2010	CL.CL.CLC.CLC	(r AE)(d AH)(m AE n)(th AH s)	penult	0	1	0	2	-LC	H	-LC	H	-V	L	-V	L	shortV	C	C	C	ah	Singleton	S	simple	other	other	noPrefix	noSuffix	 s	1	NA	NN	4	3	2	0	M	closed	mayHaveCoda	simple	H	ah	M	closed	L	M	open	L	L H L	010
add	rhexenor	R EH0 K S IY1 N AO0 R	010	CLC.CL.CLC	(r EH k)(s IY)(n AO r)	penult	0	1	0	other	-LC	H	-V	L	-LC	H	other	other	shortV	C	C	C	ao	Singleton	otherSingleton	simple	other	other	noPrefix	noSuffix	 r	1	NA	NN	3	1	1	1	M	open	noCoda	simple	L	other	M	closed	L	M	closed	H	H L L	010
add	salmoneus	S AE0 L M OW1 N Y UW0 S	010	CLC.CT.CCLC	(s AE l)(m OW)(n y UW s)	penult	0	1	0	other	-LC	H	-VV	H	-LC	H	other	other	shortV	CC	C	C	uw	Singleton	S	simple	other	other	noPrefix	noSuffix	 s	1	NA	NN	3	1	1	1	D	open	mayHaveCoda	complex	H	other	M	closed	L	M	closed	H	H H L	010
add-after	same	S EY1 M IY0	10	CT.CL	(s EY)(m IY)	penult	0	1	other	other	-V	L	-VV	H	other	other	other	other	shortV	C	C	other	iy	open	other	simple	other	other	noPrefix	noSuffix	NA	0	NA	NN	2	1	1	1	D	open	noCoda	simple	H	iy	M	open	L	nan	nan	L	L H L	10
add	scheria	S K IH1 R IY0 AH0	100	CCL.CL.L	(s k IH)(r IY)(AH)	antepenult	0	0	1	other	-V	L	-V	L	-V	L	other	other	shortV	0	C	CC	ah	open	other	simple	other	other	noPrefix	noSuffix	NA	0	NA	NN	3	1	1	1	M	open	noCoda	simple	L	ah	M	open	L	M	open	L	L L L	100
add	scyros	S AY1 R AA0 S	10	CT.CLC	(s AY)(r AA s)	penult	0	1	other	other	-LC	H	-VV	H	other	other	other	other	shortV	C	C	other	aa	Singleton	S	simple	other	other	noPrefix	noSuffix	 s	1	NA	NN	2	1	1	1	D	open	noCoda	simple	H	other	M	closed	L	nan	nan	L	L H L	10
add	sintians	S IH1 N T IY0 AH0 N Z	100	CLC.CL.LC	(s IH n)(t IY)(AN z)	antepenult	0	0	1	other	-LC	H	-V	L	-LC	H	other	other	shortV	0	C	C	an	Singleton	otherSingleton	simple	other	other	noPrefix	noSuffix	 z	1	NA	NNS	3	1	1	1	M	open	noCoda	simple	L	other	M	closed	L	M	closed	H	H L L	100
add	sisyphus	S IH1 S IH0 F AH0 S	100	CL.CL.CLC	(s IH)(s IH)(f AH s)	antepenult	0	0	1	other	-LC	H	-V	L	-V	L	other	other	shortV	C	C	C	ah	Singleton	S	simple	other	other	noPrefix	noSuffix	 s	1	NA	NN	3	1	1	1	M	open	noCoda	simple	L	ah	M	closed	L	M	open	L	L L L	100
add	solyma	S AA1 L IH0 M AH0	100	CL.CL.CL	(s AA)(l IH)(m AH)	antepenult	0	0	1	other	-V	L	-V	L	-V	L	other	other	shortV	C	C	C	ah	open	other	simple	other	other	noPrefix	noSuffix	NA	0	NA	NN	3	1	1	1	M	open	noCoda	simple	L	ah	M	open	L	M	open	L	L L L	100
add	sounion	S UW1 N IY0 AA0 N	100	CL.CL.LC	(s UW)(n IY)(AA n)	antepenult	0	0	1	other	-LC	H	-V	L	-V	L	other	other	shortV	0	C	C	aa	Singleton	otherSingleton	simple	other	other	noPrefix	noSuffix	 n	1	NA	NN	3	1	1	1	M	open	noCoda	simple	L	other	M	closed	L	M	open	L	L L L	100
add	stratius	S T R EY1 T IY0 AH0 S	100	CCCT.CL.LC	(s t r EY)(t IY)(AH s)	antepenult	0	0	1	other	-LC	H	-V	L	-VV	H	other	other	shortV	0	C	CCC	ah	Singleton	S	simple	other	other	noPrefix	noSuffix	 s	1	NA	NN	3	1	1	1	M	open	noCoda	simple	L	ah	M	closed	L	D	open	H	H L L	100
add	taphos	T EY1 F AA0 S	10	CT.CLC	(t EY)(f AA s)	penult	0	1	other	other	-LC	H	-VV	H	other	other	other	other	shortV	C	C	other	aa	Singleton	S	simple	other	other	noPrefix	noSuffix	 s	1	NA	NN	2	1	1	1	D	open	noCoda	simple	H	other	M	closed	L	nan	nan	L	L H L	10
add	taygetus	T EY0 IH1 JH IH0 T AH0 S	0100	CT.L.CL.CLC	(t EY)(IH)(jh IH)(t AH s)	antepenult	0	0	1	0	-LC	H	-V	L	-V	L	-VV	H	shortV	C	C	0	ah	Singleton	S	simple	other	other	noPrefix	noSuffix	 s	1	NA	NN	4	1	1	1	M	open	noCoda	simple	L	ah	M	closed	L	M	open	L	L L L	100
add	tecton	T EH1 K T AA0 N	10	CLC.CLC	(t EH k)(t AA n)	penult	0	1	other	other	-LC	H	-LC	H	other	other	other	other	shortV	C	C	other	aa	Singleton	otherSingleton	simple	other	other	noPrefix	noSuffix	 n	1	NA	NN	2	1	1	1	M	closed	mayHaveCoda	simple	H	other	M	closed	L	nan	nan	L	L H L	10
add	telemachus	T IH0 L EH1 M AH0 K AH0 S	0100	CL.CL.CL.CLC	(t IH)(l EH)(m AH)(k AH s)	antepenult	0	0	1	0	-LC	H	-V	L	-V	L	-V	L	shortV	C	C	C	ah	Singleton	S	simple	other	other	noPrefix	noSuffix	 s	1	NA	NN	4	1	1	1	M	open	noCoda	simple	L	ah	M	closed	L	M	open	L	L L L	100
add	telemus	T EH1 L IH0 M AH0 S	100	CL.CL.CLC	(t EH)(l IH)(m AH s)	antepenult	0	0	1	other	-LC	H	-V	L	-V	L	other	other	shortV	C	C	C	ah	Singleton	S	simple	other	other	noPrefix	noSuffix	 s	1	NA	NN	3	1	1	1	M	open	noCoda	simple	L	ah	M	closed	L	M	open	L	L L L	100
add	telephus	T EH1 L IH0 F AH0 S	100	CL.CL.CLC	(t EH)(l IH)(f AH s)	antepenult	0	0	1	other	-LC	H	-V	L	-V	L	other	other	shortV	C	C	C	ah	Singleton	S	simple	other	other	noPrefix	noSuffix	 s	1	NA	NN	3	1	1	1	M	open	noCoda	simple	L	ah	M	closed	L	M	open	L	L L L	100
add	telepylus	T EH2 L IH0 P AY1 L AH0 S	2010	CL.CL.CT.CLC	(t EH)(l IH)(p AY)(l AH s)	penult	0	1	0	2	-LC	H	-VV	H	-V	L	-V	L	shortV	C	C	C	ah	Singleton	S	simple	other	other	noPrefix	noSuffix	 s	1	NA	NN	4	3	2	0	D	open	noCoda	simple	H	ah	M	closed	L	M	open	L	L H L	010
add	temese	T EH1 M IH0 S IY0	100	CL.CL.CL	(t EH)(m IH)(s IY)	antepenult	0	0	1	other	-V	L	-V	L	-V	L	other	other	shortV	C	C	C	iy	open	other	simple	other	other	noPrefix	noSuffix	NA	0	NA	NN	3	1	1	1	M	open	noCoda	simple	L	iy	M	open	L	M	open	L	L L L	100
add	tenedos	T EH1 N IH0 D AA0 S	100	CL.CL.CLC	(t EH)(n IH)(d AA s)	antepenult	0	0	1	other	-LC	H	-V	L	-V	L	other	other	shortV	C	C	C	aa	Singleton	S	simple	other	other	noPrefix	noSuffix	 s	1	NA	NN	3	1	1	1	M	open	noCoda	simple	L	other	M	closed	L	M	open	L	L L L	100
add	theoclymenus	TH IY2 AH0 K L IH1 M IH0 N AH0 S	20100	CL.L.CCL.CL.CLC	(th IY)(AH)(k l IH)(m IH)(n AH s)	antepenult	0	0	1	0	-LC	H	-V	L	-V	L	-V	L	shortV	C	C	CC	ah	Singleton	S	simple	other	other	noPrefix	noSuffix	 s	1	NA	NN	5	3	2	0	M	open	noCoda	simple	L	ah	M	closed	L	M	open	L	L L L	100
add	theseus	TH IY1 S Y UW0 S	10	CL.CCLC	(th IY)(s y UW s)	penult	0	1	other	other	-LC	H	-V	L	other	other	other	other	shortV	CC	C	other	uw	Singleton	S	simple	other	other	noPrefix	noSuffix	 s	1	NA	NN	2	1	1	1	M	open	mayHaveCoda	complex	L	other	M	closed	L	nan	nan	L	L L L	10
add	thesprotia	TH EH0 S P R OW1 SH AH0	010	CL.CCCT.CL	(th EH)(s p r OW)(sh AH)	penult	0	1	0	other	-V	L	-VV	H	-V	L	other	other	shortV	C	CCC	C	ah	open	other	simple	other	other	noPrefix	noSuffix	NA	0	NA	NN	3	1	1	1	D	open	noCoda	simple	H	ah	M	open	L	M	open	L	L H L	010
add	thoas	TH OW1 AE0 S	10	CT.LC	(th OW)(AE s)	penult	0	1	other	other	-LC	H	-VV	H	other	other	other	other	shortV	0	C	other	ae	Singleton	S	simple	other	other	noPrefix	noSuffix	 s	1	NA	NN	2	1	1	1	D	open	noCoda	simple	H	other	M	closed	L	nan	nan	L	L H L	10
add	thoon	TH OW1 AA0 N	10	CT.LC	(th OW)(AA n)	penult	0	1	other	other	-LC	H	-VV	H	other	other	other	other	shortV	0	C	other	aa	Singleton	otherSingleton	simple	other	other	noPrefix	noSuffix	 n	1	NA	NN	2	1	1	1	D	open	noCoda	simple	H	other	M	closed	L	nan	nan	L	L H L	10
add	thoosa	TH OW0 OW1 S AH0	010	CT.T.CL	(th OW)(OW)(s AH)	penult	0	1	0	other	-V	L	-VV	H	-VV	H	other	other	shortV	C	0	C	ah	open	other	simple	other	other	noPrefix	noSuffix	NA	0	NA	NN	3	1	1	1	D	open	noCoda	simple	H	ah	M	open	L	D	open	H	H H L	010
add	thrace	TH R EY1 S	1	CCTC	(th r EY s)	final	1	other	other	other	-TC	H	other	other	other	other	other	other	longV	CC	other	other	ey	Singleton	S	simple	other	other	noPrefix	noSuffix	 s	1	NA	NN	1	1	1	1	nan	nan	nan	complex	L	other	D	closed	H	nan	nan	L	L L H	1
add	thrasymedes	TH R AE2 S IH0 M IY1 D IY0 Z	2010	CCL.CL.CL.CLC	(th r AE)(s IH)(m IY)(d IY z)	penult	0	1	0	2	-LC	H	-V	L	-V	L	-V	L	shortV	C	C	C	iy	Singleton	otherSingleton	simple	other	other	noPrefix	noSuffix	 z	1	NA	NN	4	3	2	0	M	open	noCoda	simple	L	iy	M	closed	L	M	open	L	L L L	010
add	thrinacia	TH R IH0 N EY1 SH AH0	010	CCL.CT.CL	(th r IH)(n EY)(sh AH)	penult	0	1	0	other	-V	L	-VV	H	-V	L	other	other	shortV	C	C	CC	ah	open	other	simple	other	other	noPrefix	noSuffix	NA	0	NA	NN	3	1	1	1	D	open	noCoda	simple	H	ah	M	open	L	M	open	L	L H L	010
add	thyestes	TH AY0 EH1 S T IY0 Z	010	CT.L.CCLC	(th AY)(EH)(s t IY z)	penult	0	1	0	other	-LC	H	-V	L	-VV	H	other	other	shortV	CC	0	C	iy	Singleton	otherSingleton	simple	other	other	noPrefix	noSuffix	 z	1	NA	NN	3	1	1	1	M	open	mayHaveCoda	complex	L	iy	M	closed	L	D	open	H	H L L	010
add	tiresias	T AY0 R IY1 S IY0 AH0 S	0100	CT.CL.CL.LC	(t AY)(r IY)(s IY)(AH s)	antepenult	0	0	1	0	-LC	H	-V	L	-V	L	-VV	H	shortV	0	C	C	ah	Singleton	S	simple	other	other	noPrefix	noSuffix	 s	1	NA	NN	4	1	1	1	M	open	noCoda	simple	L	ah	M	closed	L	M	open	L	L L L	100
add	tithonus	T IH0 TH OW1 N AH0 S	010	CL.CT.CLC	(t IH)(th OW)(n AH s)	penult	0	1	0	other	-LC	H	-VV	H	-V	L	other	other	shortV	C	C	C	ah	Singleton	S	simple	other	other	noPrefix	noSuffix	 s	1	NA	NN	3	1	1	1	D	open	noCoda	simple	H	ah	M	closed	L	M	open	L	L H L	010
add	tityus	T IH1 T IY0 AH0 S	100	CL.CL.LC	(t IH)(t IY)(AH s)	antepenult	0	0	1	other	-LC	H	-V	L	-V	L	other	other	shortV	0	C	C	ah	Singleton	S	simple	other	other	noPrefix	noSuffix	 s	1	NA	NN	3	1	1	1	M	open	noCoda	simple	L	ah	M	closed	L	M	open	L	L L L	100
add	tyndareus	T IH0 N D EH1 R IY0 AH0 S	0100	CLC.CL.CL.LC	(t IH n)(d EH)(r IY)(AH s)	antepenult	0	0	1	0	-LC	H	-V	L	-V	L	-LC	H	shortV	0	C	C	ah	Singleton	S	simple	other	other	noPrefix	noSuffix	 s	1	NA	NN	4	1	1	1	M	open	noCoda	simple	L	ah	M	closed	L	M	open	L	L L L	100
add	tyro	T AY1 R OW0	10	CT.CT	(t AY)(r OW)	penult	0	1	other	other	-VV	H	-VV	H	other	other	other	other	longV	C	C	other	ow	open	other	simple	other	other	noPrefix	noSuffix	NA	0	NA	NN	2	1	1	1	D	open	noCoda	simple	H	other	D	open	H	nan	nan	L	L H H	10
add	zacynthus	Z AH0 K IH1 N TH AH0 S	010	CL.CLC.CLC	(z AH)(k IH n)(th AH s)	penult	0	1	0	other	-LC	H	-LC	H	-V	L	other	other	shortV	C	C	C	ah	Singleton	S	simple	other	other	noPrefix	noSuffix	 s	1	NA	NN	3	1	1	1	M	closed	mayHaveCoda	simple	H	ah	M	closed	L	M	open	L	L H L	010
add	zethus	Z IY1 TH AH0 S	10	CL.CLC	(z IY)(th AH s)	penult	0	1	other	other	-LC	H	-V	L	other	other	other	other	shortV	C	C	other	ah	Singleton	S	simple	other	other	noPrefix	noSuffix	 s	1	NA	NN	2	1	1	1	M	open	noCoda	simple	L	ah	M	closed	L	nan	nan	L	L L L	10
